
-- 手动插入的token_expand数据
INSERT INTO token_expand (address, icon, web_site, details, is_show_in_aton, is_show_in_scan, is_can_transfer,
                          create_id, create_name, create_time, update_id, update_name, update_time, is_show_in_aton_admin, is_show_in_scan_admin)
VALUES ('lat1w9ys9726hyhqk9yskffgly08xanpzdgqvp2sz6', null, 'https://www.qpassport.io/', 'QPassport, a next-generation decentralized identifier, aims to build a decentralized, transparent, secure, and open ID system, credit system, and data storage and management system. QPassport is of the user, by the user, and for the user.',
        DEFAULT, 1, DEFAULT, 0, '', DEFAULT, 0, '', DEFAULT, DEFAULT, DEFAULT),
       ('lat13m53valp38lsaq6p234754gau54sdjw0fqymys', null, 'https://app.qpassport.io/#/event/MetaFireworks', '"MetaFireworks" is a series of NFTs jointly launched by QPassport and PlatON as a gift for metaverse players, wishing it could dispel the gloom of the epidemic and bring you joy, happiness and love.',
        DEFAULT, 1, DEFAULT, 0, '', DEFAULT, 0, '', DEFAULT, DEFAULT, DEFAULT),
       ('lat1mqs7hxfgthqk533pshxwtntaxnqqgdhxn009xa', null, 'https://www.platon.network/', 'PlatON Limited Badge, for PlatON Genesis, Friends, Contributors, Communities. "We shall always keep to the upper road and practice justice with prudence in every way."',
        DEFAULT, 1, DEFAULT, 0, '', DEFAULT, 0, '', DEFAULT, DEFAULT, DEFAULT),
       ('lat16axyya4lygaj9hskapsqdkhrnp6gke6nnl3dud', null, 'https://StoneAeon.io/', 'Stone Aeon NFT 8128 unique SANFTs with over 300 hand-painted features. All SANFTS are high definition art collectibles and are symbols of VIP. Holders will receive management rights to StoneAeon and continue to receive the proceeds of the project.',
        DEFAULT, 1, DEFAULT, 0, '', DEFAULT, 0, '', DEFAULT, DEFAULT, DEFAULT),
       ('lat14exhe3xtrxr6januwkljnl77xqc0nzj7c4hnck', null, '', 'An original NFT created by OKEx',
        DEFAULT, 1, DEFAULT, 0, '', DEFAULT, 0, '', DEFAULT, DEFAULT, DEFAULT),
       ('lat12v6d2mguvnh4wm2d65k9sf5t2t8z9urer55u08', null, 'https://www.platon.network/', 'PlatON MainNetwork launch is decided by community voting, each Ticket is a ballot, and sending a Ticket to the voting receiving address means supporting the current PlatON network (chainID:100) to become the PlatON MainNetwork .',
        DEFAULT, 1, DEFAULT, 0, '', DEFAULT, 0, '', DEFAULT, DEFAULT, DEFAULT),
       ('lat18q52swex23j8nf6m8lpsu9h7g0a6w7ecfxmfea', null, 'https://app.qpassport.io/#/event/MetaFireworks', '"Metafireworks of Your Dreams" is a series of NFTs jointly launched by QPassport and OneCash as a gift for metaverse players. No matter how far apart you are, you can still feel the good wishes.',
        DEFAULT, 1, DEFAULT, 0, '', DEFAULT, 0, '', DEFAULT, DEFAULT, DEFAULT),
       ('lat1dgkjvt2kwdwm5xwawp5zkw0kh6dfx8vcc2fkru', null, 'https://cbridge.celer.network/', '',
        DEFAULT, 1, DEFAULT, 0, '', DEFAULT, 0, '', DEFAULT, DEFAULT, DEFAULT),
       ('lat1juqr5zqdxg82q9d7mw3smuj7vhwry9j06swauq', null, 'https://bridge.platon.network/bridge', '',
        DEFAULT, 1, DEFAULT, 0, '', DEFAULT, 0, '', DEFAULT, DEFAULT, DEFAULT),
       ('lat1s8k2crttup2s5q8lqe9yl8wjgqzctl5u0mmdpx', null, 'https://cbridge.celer.network/', '',
        DEFAULT, 1, DEFAULT, 0, '', DEFAULT, 0, '', DEFAULT, DEFAULT, DEFAULT),
       ('lat1qfqx64ssd8976fl0363q4l2pw7dfpc4llufrj5', null, '', '',
        DEFAULT, 1, DEFAULT, 0, '', DEFAULT, 0, '', DEFAULT, DEFAULT, DEFAULT),
       ('lat19n7chtz507957nlge70du6z96rrfe09p4rkezk', null, 'https://bridge.platon.network/bridge', '',
        DEFAULT, 1, DEFAULT, 0, '', DEFAULT, 0, '', DEFAULT, DEFAULT, DEFAULT),
       ('lat1f0mknvz7svhumjg98llmc7x23zdvkhs70v27yk', null, 'https://cbridge.celer.network/', '',
        DEFAULT, 1, DEFAULT, 0, '', DEFAULT, 0, '', DEFAULT, DEFAULT, DEFAULT),
       ('lat10unn2t2ls0dc0fdruq85kp7vyyud3mjj7gawlp', null, 'https://cbridge.celer.network/', '',
        DEFAULT, 1, DEFAULT, 0, '', DEFAULT, 0, '', DEFAULT, DEFAULT, DEFAULT);
-- 备份的修改类型的地址，类型7->3
insert into address (address, type, balance, restricting_balance, staking_value, delegate_value, redeemed_value, candidate_count, delegate_hes, delegate_locked, delegate_released, contract_name, contract_create, contract_createHash, contract_destroy_hash, contract_bin, create_time, update_time, have_reward, tx_qty, transfer_qty, delegate_qty, staking_qty, proposal_qty, erc1155_tx_qty, erc721_tx_qty, erc20_tx_qty)
values  ('lat102u32hu0kj3xjzxvd3gl8tameqc2f75cpuecle', 7, 0, 0, 0, 0, 0, 0, 0, 0, 0, '', 'lat1v9t4nkz3nhrh77e2g25s49gje5q4r9a8c83mll', '0xed0c9a365464077813aa8599ea1473e881e7f79d8fd2f968ec0a35b3761b82d6', null, null, '2022-12-03 13:00:20', '2022-12-03 22:13:00', 0, 5, 0, 0, 0, 0, 0, 0, 0),
        ('lat152j7t39ezxsr3gvsv0m0np8qjwc703ht2lu6t2', 7, 0, 0, 0, 0, 0, 0, 0, 0, 0, '', '', '', null, null, '2022-12-07 19:00:01', '2022-12-07 19:00:01', 0, 0, 0, 0, 0, 0, 0, 0, 0),
        ('lat1586w50gtxet9esgluqlad7rqghn9j09pzwyxdh', 7, 0, 0, 0, 0, 0, 0, 0, 0, 0, '', 'lat1v9t4nkz3nhrh77e2g25s49gje5q4r9a8c83mll', '0x8ae4fce958bb4ce6828cf171fa0da099207c293afef6e4509533342fba1b7569', null, null, '2022-12-03 13:00:19', '2022-12-03 13:00:30', 0, 1, 0, 0, 0, 0, 0, 0, 0),
        ('lat17dqru5vnadqncznnkaj6rj03t8yt5mscp78tlm', 7, 0, 0, 0, 0, 0, 0, 0, 0, 0, '', '', '', null, null, '2022-12-09 06:48:20', '2022-12-09 06:48:20', 0, 0, 0, 0, 0, 0, 0, 0, 0),
        ('lat1kmre6enp8atdw43h47nkx0vf82zt9gcsnzamyn', 7, 0, 0, 0, 0, 0, 0, 0, 0, 0, '', '', '', null, null, '2022-12-07 19:00:17', '2022-12-07 19:00:17', 0, 0, 0, 0, 0, 0, 0, 0, 0),
        ('lat1sqez3xv5x6k2002cz62t3yrjcdwtne5dn45l9l', 7, 0, 0, 0, 0, 0, 0, 0, 0, 0, '', '', '', null, null, '2022-12-07 19:56:51', '2022-12-07 19:56:51', 0, 0, 0, 0, 0, 0, 0, 0, 0),
        ('lat1wedlf63luguf0zg7ema54we8rwrqur6wd7k2cz', 7, 0, 0, 0, 0, 0, 0, 0, 0, 0, '', 'lat1zrq89dhle45g78mm4j8aq3dq5m2shpu56ggc6e', '0xdadf09eeca030464ae1726f6f3d53e14f0f962e10efb106fb93d425a7eff7227', null, null, '2022-12-07 20:36:08', '2022-12-07 20:36:30', 0, 2, 0, 0, 0, 0, 0, 0, 0),
        ('lat1ytpkj7qje3hj2hkel3vqsasz2asqz7tqwwr589', 7, 0, 0, 0, 0, 0, 0, 0, 0, 0, '', '', '', null, null, '2022-12-07 19:56:53', '2022-12-07 19:56:53', 0, 0, 0, 0, 0, 0, 0, 0, 0);
-- 备份的删掉的erc1155的合约
insert into token (address, type, name, symbol, total_supply, decimal, is_support_erc165, is_support_erc20, is_support_erc721, is_support_erc721_enumeration, is_support_erc721_metadata, is_support_erc1155, is_support_erc1155_metadata, create_time, update_time, token_tx_qty, holder, contract_destroy_block, contract_destroy_update)
values  ('lat102u32hu0kj3xjzxvd3gl8tameqc2f75cpuecle', 'erc1155', 'xNFT1155', 'xNFT1155', '0', null, 1, 0, 0, 0, 0, 1, 1, '2022-12-03 21:00:21', '2022-12-03 14:05:02', 2, 2, 0, 0),
        ('lat152j7t39ezxsr3gvsv0m0np8qjwc703ht2lu6t2', 'erc1155', 'HashKeyDID_Credential', 'HKDC', '0', null, 1, 0, 0, 0, 0, 1, 1, '2022-12-08 03:00:01', '2022-12-08 03:00:01', 0, 0, 0, 0),
        ('lat1586w50gtxet9esgluqlad7rqghn9j09pzwyxdh', 'erc1155', 'xNFT1155', 'xNFT1155', '0', null, 1, 0, 0, 0, 0, 1, 1, '2022-12-03 21:00:20', '2022-12-03 21:00:20', 0, 0, 0, 0),
        ('lat17dqru5vnadqncznnkaj6rj03t8yt5mscp78tlm', 'erc1155', 'HashKeyGroup_Credential', 'HKG', '0', null, 1, 0, 0, 0, 0, 1, 1, '2022-12-09 14:48:21', '2022-12-30 01:15:01', 2342582, 341602, 0, 0),
        ('lat1kmre6enp8atdw43h47nkx0vf82zt9gcsnzamyn', 'erc1155', '721Land_Credential', '721LAND', '0', null, 1, 0, 0, 0, 0, 1, 1, '2022-12-08 03:00:17', '2022-12-08 03:00:17', 0, 0, 0, 0),
        ('lat1sqez3xv5x6k2002cz62t3yrjcdwtne5dn45l9l', 'erc1155', 'HashKeyDID_Credential', 'HKDC', '0', null, 1, 0, 0, 0, 0, 1, 1, '2022-12-08 03:56:51', '2022-12-30 02:40:00', 343142, 511297, 0, 0),
        ('lat1wedlf63luguf0zg7ema54we8rwrqur6wd7k2cz', 'erc1155', 'PRC1155-Test', null, '0', null, 1, 0, 0, 0, 0, 1, 0, '2022-12-08 04:36:08', '2022-12-07 20:40:06', 1, 1, 0, 0),
        ('lat1ytpkj7qje3hj2hkel3vqsasz2asqz7tqwwr589', 'erc1155', '721Land_Credential', '721LAND', '0', null, 1, 0, 0, 0, 0, 1, 1, '2022-12-08 03:56:53', '2022-12-09 00:25:07', 31, 31, 0, 0);
-- 备份的8条修改的交易，交易类型：11->2，10->1，合约类型：6->1
insert into tx_bak (id, hash, b_hash, num, index, time, nonce, status, gas_price, gas_used, gas_limit, from, to, value, type, cost, to_type, seq, cre_time, upd_time, input, info, erc1155_tx_info, erc721_tx_info, erc20_tx_info, transfer_tx_info, ppos_tx_info, fail_reason, contract_type, method, contract_address)
values  (856741, '0x8ae4fce958bb4ce6828cf171fa0da099207c293afef6e4509533342fba1b7569', '0x229d3c81fa2afbbaebae7529e26257f381e5dba5be67c1e98e0ed1b7b8b5aa3a', 26423081, 0, '2022-03-17 17:54:13', '3', 1, '10000000000', '1774846', '1774846', 'lat1v9t4nkz3nhrh77e2g25s49gje5q4r9a8c83mll', 'lat1586w50gtxet9esgluqlad7rqghn9j09pzwyxdh', '0', 10, '17748460000000000', 7, 2642308100000, '2022-12-03 13:00:19', '2022-12-03 13:00:19', '0x60c060405260046080819052631e13919560e21b60a090815262000027916000919062000142565b503480156200003557600080fd5b506040516200205f3803806200205f83398101604081905262000058916200029b565b818160405180604001604052806007815260200166697066733a2f2f60c81b81525082828282600490805190602001906200009592919062000142565b508151620000ab90600590602085019062000142565b50620000b78162000125565b5050506000620000cc6200013e60201b60201c565b600780546001600160a01b0319166001600160a01b038316908117909155604051919250906000907f8be0079c531659141344cd1fd0a4f28419497f9722a3daafe3b4186f6b6457e0908290a350505050505062000355565b80516200013a90600690602084019062000142565b5050565b3390565b828054620001509062000302565b90600052602060002090601f016020900481019282620001745760008555620001bf565b82601f106200018f57805160ff1916838001178555620001bf565b82800160010185558215620001bf579182015b82811115620001bf578251825591602001919060010190620001a2565b50620001cd929150620001d1565b5090565b5b80821115620001cd5760008155600101620001d2565b600082601f830112620001f9578081fd5b81516001600160401b03808211156200021657620002166200033f565b604051601f8301601f19908116603f011681019082821181831017156200024157620002416200033f565b816040528381526020925086838588010111156200025d578485fd5b8491505b8382101562000280578582018301518183018401529082019062000261565b838211156200029157848385830101525b9695505050505050565b60008060408385031215620002ae578182fd5b82516001600160401b0380821115620002c5578384fd5b620002d386838701620001e8565b93506020850151915080821115620002e9578283fd5b50620002f885828601620001e8565b9150509250929050565b600181811c908216806200031757607f821691505b602082108114156200033957634e487b7160e01b600052602260045260246000fd5b50919050565b634e487b7160e01b600052604160045260246000fd5b611cfa80620003656000396000f3fe608060405234801561001057600080fd5b50600436106101205760003560e01c806377097fc8116100ad578063a22cb46511610071578063a22cb46514610262578063c87b56dd14610275578063e985e9c514610288578063f242432a146102c4578063f2fde38b146102d757600080fd5b806377097fc814610211578063862440e2146102245780638ce74426146102375780638da5cb5b1461023f57806395d89b411461025a57600080fd5b80632eb2c2d6116100f45780632eb2c2d6146101965780634e1273f4146101ab5780634ebbc92a146101cb57806355f804b3146101f6578063715018a61461020957600080fd5b8062fdd58e1461012557806301ffc9a71461014b57806306fdde031461016e5780630e89341c14610183575b600080fd5b610138610133366004611640565b6102ea565b6040519081526020015b60405180910390f35b61015e610159366004611734565b610383565b6040519015158152602001610142565b6101766103d5565b60405161014291906119b8565b6101766101913660046117d9565b610467565b6101a96101a43660046114fd565b610472565b005b6101be6101b9366004611669565b61073c565b6040516101429190611977565b61015e6101d93660046117d9565b6000908152600960205260409020546001600160a01b0316151590565b6101a961020436600461176c565b61089e565b6101a961090b565b6101a961021f3660046117f1565b61097f565b6101a96102323660046117f1565b61098a565b6101766109be565b6007546040516001600160a01b039091168152602001610142565b6101766109cd565b6101a9610270366004611606565b6109dc565b6101766102833660046117d9565b610ab3565b61015e6102963660046114cb565b6001600160a01b03918216600090815260026020908152604080832093909416825291909152205460ff1690565b6101a96102d23660046115a3565b610abe565b6101a96102e53660046114b1565b610c72565b60006001600160a01b03831661035b5760405162461bcd60e51b815260206004820152602b60248201527f455243313135353a2062616c616e636520717565727920666f7220746865207a60448201526a65726f206164647265737360a81b60648201526084015b60405180910390fd5b5060009081526001602090815260408083206001600160a01b03949094168352929052205490565b60006001600160e01b03198216636cdb3d1360e11b14806103b457506001600160e01b031982166303a24d0760e21b145b806103cf57506301ffc9a760e01b6001600160e01b03198316145b92915050565b6060600480546103e490611b5a565b80601f016020809104026020016040519081016040528092919081815260200182805461041090611b5a565b801561045d5780601f106104325761010080835404028352916020019161045d565b820191906000526020600020905b81548152906001019060200180831161044057829003601f168201915b5050505050905090565b60606103cf82610d5d565b81518351146104d45760405162461bcd60e51b815260206004820152602860248201527f455243313135353a2069647320616e6420616d6f756e7473206c656e677468206044820152670dad2e6dac2e8c6d60c31b6064820152608401610352565b6001600160a01b0384166104fa5760405162461bcd60e51b815260040161035290611a13565b6001600160a01b03851633148061051657506105168533610296565b61057d5760405162461bcd60e51b815260206004820152603260248201527f455243313135353a207472616e736665722063616c6c6572206973206e6f74206044820152711bdddb995c881b9bdc88185c1c1c9bdd995960721b6064820152608401610352565b3360005b84518110156106ce5760008582815181106105ac57634e487b7160e01b600052603260045260246000fd5b6020026020010151905060008583815181106105d857634e487b7160e01b600052603260045260246000fd5b60209081029190910181015160008481526001835260408082206001600160a01b038e1683529093529190912054909150818110156106295760405162461bcd60e51b815260040161035290611a58565b6106338282611b13565b6001600085815260200190815260200160002060008c6001600160a01b03166001600160a01b0316815260200190815260200160002081905550816001600085815260200190815260200160002060008b6001600160a01b03166001600160a01b0316815260200190815260200160002060008282546106b39190611afb565b92505081905550505050806106c790611bc2565b9050610581565b50846001600160a01b0316866001600160a01b0316826001600160a01b03167f4a39dc06d4c0dbc64b70af90fd698a233a518aa5d07e595d983b8c0526c8f7fb878760405161071e92919061198a565b60405180910390a4610734818787878787610ebc565b505050505050565b606081518351146107a15760405162461bcd60e51b815260206004820152602960248201527f455243313135353a206163636f756e747320616e6420696473206c656e677468604482015268040dad2e6dac2e8c6d60bb1b6064820152608401610352565b6000835167ffffffffffffffff8111156107cb57634e487b7160e01b600052604160045260246000fd5b6040519080825280602002602001820160405280156107f4578160200160208202803683370190505b50905060005b84518110156108965761085b85828151811061082657634e487b7160e01b600052603260045260246000fd5b602002602001015185838151811061084e57634e487b7160e01b600052603260045260246000fd5b60200260200101516102ea565b82828151811061087b57634e487b7160e01b600052603260045260246000fd5b602090810291909101015261088f81611bc2565b90506107fa565b509392505050565b6007546001600160a01b031633146108c85760405162461bcd60e51b815260040161035290611aa2565b61090782828080601f01602080910402602001604051908101604052809392919081815260200183838082843760009201919091525061102792505050565b5050565b6007546001600160a01b031633146109355760405162461bcd60e51b815260040161035290611aa2565b6007546040516000916001600160a01b0316907f8be0079c531659141344cd1fd0a4f28419497f9722a3daafe3b4186f6b6457e0908390a3600780546001600160a01b0319169055565b61090733838361103a565b6007546001600160a01b031633146109b45760405162461bcd60e51b815260040161035290611aa2565b61090782826110ab565b6060600080546103e490611b5a565b6060600580546103e490611b5a565b336001600160a01b0383161415610a475760405162461bcd60e51b815260206004820152602960248201527f455243313135353a2073657474696e6720617070726f76616c20737461747573604482015268103337b91039b2b63360b91b6064820152608401610352565b3360008181526002602090815260408083206001600160a01b03871680855290835292819020805460ff191686151590811790915590519081529192917f17307eab39ab6107e8899845ad3d59bd9653f200f220920489ca2b5937696c31910160405180910390a35050565b60606103cf82610467565b6001600160a01b038416610ae45760405162461bcd60e51b815260040161035290611a13565b6001600160a01b038516331480610b005750610b008533610296565b610b5e5760405162461bcd60e51b815260206004820152602960248201527f455243313135353a2063616c6c6572206973206e6f74206f776e6572206e6f7260448201526808185c1c1c9bdd995960ba1b6064820152608401610352565b33610b7e818787610b6e886110cf565b610b77886110cf565b5050505050565b60008481526001602090815260408083206001600160a01b038a16845290915290205483811015610bc15760405162461bcd60e51b815260040161035290611a58565b610bcb8482611b13565b60008681526001602090815260408083206001600160a01b038c81168552925280832093909355881681529081208054869290610c09908490611afb565b909155505060408051868152602081018690526001600160a01b03808916928a821692918616917fc3d58168c5ae7397731d063d5bbf3d657854427343f4c083240f7aacaa2d0f62910160405180910390a4610c69828888888888611128565b50505050505050565b6007546001600160a01b03163314610c9c5760405162461bcd60e51b815260040161035290611aa2565b6001600160a01b038116610d015760405162461bcd60e51b815260206004820152602660248201527f4f776e61626c653a206e6577206f776e657220697320746865207a65726f206160448201526564647265737360d01b6064820152608401610352565b6007546040516001600160a01b038084169216907f8be0079c531659141344cd1fd0a4f28419497f9722a3daafe3b4186f6b6457e090600090a3600780546001600160a01b0319166001600160a01b0392909216919091179055565b600081815260036020526040812080546060929190610d7b90611b5a565b905011610ddb5760405162461bcd60e51b815260206004820152602860248201527f455243313135353a2055524920717565727920666f72206e6f6e657869737465604482015267373a103a37b5b2b760c11b6064820152608401610352565b60008281526003602052604081208054610df490611b5a565b80601f0160208091040260200160405190810160405280929190818152602001828054610e2090611b5a565b8015610e6d5780601f10610e4257610100808354040283529160200191610e6d565b820191906000526020600020905b815481529060010190602001808311610e5057829003601f168201915b505050505090506000610e7e6111f2565b9050805160001415610e91575092915050565b8082604051602001610ea49291906118a5565b60405160208183030381529060405292505050919050565b6001600160a01b0384163b156107345760405163bc197c8160e01b81526001600160a01b0385169063bc197c8190610f0090899089908890889088906004016118d4565b602060405180830381600087803b158015610f1a57600080fd5b505af1925050508015610f4a575060408051601f3d908101601f19168201909252610f4791810190611750565b60015b610ff757610f56611c09565b806308c379a01415610f905750610f6b611c21565b80610f765750610f92565b8060405162461bcd60e51b815260040161035291906119b8565b505b60405162461bcd60e51b815260206004820152603460248201527f455243313135353a207472616e7366657220746f206e6f6e20455243313135356044820152732932b1b2b4bb32b91034b6b83632b6b2b73a32b960611b6064820152608401610352565b6001600160e01b0319811663bc197c8160e01b14610c695760405162461bcd60e51b8152600401610352906119cb565b8051610907906006906020840190611304565b611048600880546001019055565b600061105360085490565b905061107084828560405180602001604052806000815250611201565b61107a81836110ab565b600090815260096020526040902080546001600160a01b0319166001600160a01b0394909416939093179092555050565b600082815260036020908152604090912082516110ca92840190611304565b505050565b6040805160018082528183019092526060916000919060208083019080368337019050509050828160008151811061111757634e487b7160e01b600052603260045260246000fd5b602090810291909101015292915050565b6001600160a01b0384163b156107345760405163f23a6e6160e01b81526001600160a01b0385169063f23a6e619061116c9089908990889088908890600401611932565b602060405180830381600087803b15801561118657600080fd5b505af19250505080156111b6575060408051601f3d908101601f191682019092526111b391810190611750565b60015b6111c257610f56611c09565b6001600160e01b0319811663f23a6e6160e01b14610c695760405162461bcd60e51b8152600401610352906119cb565b6060600680546103e490611b5a565b6001600160a01b0384166112615760405162461bcd60e51b815260206004820152602160248201527f455243313135353a206d696e7420746f20746865207a65726f206164647265736044820152607360f81b6064820152608401610352565b3361127281600087610b6e886110cf565b60008481526001602090815260408083206001600160a01b0389168452909152812080548592906112a4908490611afb565b909155505060408051858152602081018590526001600160a01b0380881692600092918516917fc3d58168c5ae7397731d063d5bbf3d657854427343f4c083240f7aacaa2d0f62910160405180910390a4610b7781600087878787611128565b82805461131090611b5a565b90600052602060002090601f0160209004810192826113325760008555611378565b82601f1061134b57805160ff1916838001178555611378565b82800160010185558215611378579182015b8281111561137857825182559160200191906001019061135d565b50611384929150611388565b5090565b5b808211156113845760008155600101611389565b600067ffffffffffffffff8311156113b7576113b7611bf3565b6040516113ce601f8501601f191660200182611b95565b8091508381528484840111156113e357600080fd5b83836020830137600060208583010152509392505050565b80356001600160a01b038116811461141257600080fd5b919050565b600082601f830112611427578081fd5b8135602061143482611ad7565b6040516114418282611b95565b8381528281019150858301600585901b87018401881015611460578586fd5b855b8581101561147e57813584529284019290840190600101611462565b5090979650505050505050565b600082601f83011261149b578081fd5b6114aa8383356020850161139d565b9392505050565b6000602082840312156114c2578081fd5b6114aa826113fb565b600080604083850312156114dd578081fd5b6114e6836113fb565b91506114f4602084016113fb565b90509250929050565b600080600080600060a08688031215611514578081fd5b61151d866113fb565b945061152b602087016113fb565b9350604086013567ffffffffffffffff80821115611547578283fd5b61155389838a01611417565b94506060880135915080821115611568578283fd5b61157489838a01611417565b93506080880135915080821115611589578283fd5b506115968882890161148b565b9150509295509295909350565b600080600080600060a086880312156115ba578081fd5b6115c3866113fb565b94506115d1602087016113fb565b93506040860135925060608601359150608086013567ffffffffffffffff8111156115fa578182fd5b6115968882890161148b565b60008060408385031215611618578182fd5b611621836113fb565b915060208301358015158114611635578182fd5b809150509250929050565b60008060408385031215611652578182fd5b61165b836113fb565b946020939093013593505050565b6000806040838503121561167b578182fd5b823567ffffffffffffffff80821115611692578384fd5b818501915085601f8301126116a5578384fd5b813560206116b282611ad7565b6040516116bf8282611b95565b8381528281019150858301600585901b870184018b10156116de578889fd5b8896505b84871015611707576116f3816113fb565b8352600196909601959183019183016116e2565b509650508601359250508082111561171d578283fd5b5061172a85828601611417565b9150509250929050565b600060208284031215611745578081fd5b81356114aa81611cab565b600060208284031215611761578081fd5b81516114aa81611cab565b6000806020838503121561177e578182fd5b823567ffffffffffffffff80821115611795578384fd5b818501915085601f8301126117a8578384fd5b8135818111156117b6578485fd5b8660208285010111156117c7578485fd5b60209290920196919550909350505050565b6000602082840312156117ea578081fd5b5035919050565b60008060408385031215611803578182fd5b82359150602083013567ffffffffffffffff811115611820578182fd5b8301601f81018513611830578182fd5b61172a8582356020840161139d565b6000815180845260208085019450808401835b8381101561186e57815187529582019590820190600101611852565b509495945050505050565b60008151808452611891816020860160208601611b2a565b601f01601f19169290920160200192915050565b600083516118b7818460208801611b2a565b8351908301906118cb818360208801611b2a565b01949350505050565b6001600160a01b0386811682528516602082015260a0604082018190526000906119009083018661183f565b8281036060840152611912818661183f565b905082810360808401526119268185611879565b98975050505050505050565b6001600160a01b03868116825285166020820152604081018490526060810183905260a06080820181905260009061196c90830184611879565b979650505050505050565b6020815260006114aa602083018461183f565b60408152600061199d604083018561183f565b82810360208401526119af818561183f565b95945050505050565b6020815260006114aa6020830184611879565b60208082526028908201527f455243313135353a204552433131353552656365697665722072656a656374656040820152676420746f6b656e7360c01b606082015260800190565b60208082526025908201527f455243313135353a207472616e7366657220746f20746865207a65726f206164604082015264647265737360d81b606082015260800190565b6020808252602a908201527f455243313135353a20696e73756666696369656e742062616c616e636520666f60408201526939103a3930b739b332b960b11b606082015260800190565b6020808252818101527f4f776e61626c653a2063616c6c6572206973206e6f7420746865206f776e6572604082015260600190565b600067ffffffffffffffff821115611af157611af1611bf3565b5060051b60200190565b60008219821115611b0e57611b0e611bdd565b500190565b600082821015611b2557611b25611bdd565b500390565b60005b83811015611b45578181015183820152602001611b2d565b83811115611b54576000848401525b50505050565b600181811c90821680611b6e57607f821691505b60208210811415611b8f57634e487b7160e01b600052602260045260246000fd5b50919050565b601f8201601f1916810167ffffffffffffffff81118282101715611bbb57611bbb611bf3565b6040525050565b6000600019821415611bd657611bd6611bdd565b5060010190565b634e487b7160e01b600052601160045260246000fd5b634e487b7160e01b600052604160045260246000fd5b600060033d1115611c1e57600481823e5160e01c5b90565b600060443d1015611c2f5790565b6040516003193d81016004833e81513d67ffffffffffffffff8160248401118184111715611c5f57505050505090565b8285019150815181811115611c775750505050505090565b843d8701016020828501011115611c915750505050505090565b611ca060208286010187611b95565b509095945050505050565b6001600160e01b031981168114611cc157600080fd5b5056fea26469706673582212202f4871c6f7a123768de8fa2739a778c19d682875f54c79f95bb712e50df3047d64736f6c63430008040033000000000000000000000000000000000000000000000000000000000000004000000000000000000000000000000000000000000000000000000000000000800000000000000000000000000000000000000000000000000000000000000008784e4654313135350000000000000000000000000000000000000000000000000000000000000000000000000000000000000000000000000000000000000008784e465431313535000000000000000000000000000000000000000000000000', '', '[]', '[]', '[]', null, null, null, 6, null, 'lat1586w50gtxet9esgluqlad7rqghn9j09pzwyxdh'),
        (856749, '0xed0c9a365464077813aa8599ea1473e881e7f79d8fd2f968ec0a35b3761b82d6', '0x1c45d4bfbddef7a176197ed309d92444857a644e6be674638e3c71f14f8e44c5', 26423144, 0, '2022-03-17 17:55:20', '11', 1, '10000000000', '1774846', '1774846', 'lat1v9t4nkz3nhrh77e2g25s49gje5q4r9a8c83mll', 'lat102u32hu0kj3xjzxvd3gl8tameqc2f75cpuecle', '0', 10, '17748460000000000', 7, 2642314400000, '2022-12-03 13:00:20', '2022-12-03 13:00:20', '0x60c060405260046080819052631e13919560e21b60a090815262000027916000919062000142565b503480156200003557600080fd5b506040516200205f3803806200205f83398101604081905262000058916200029b565b818160405180604001604052806007815260200166697066733a2f2f60c81b81525082828282600490805190602001906200009592919062000142565b508151620000ab90600590602085019062000142565b50620000b78162000125565b5050506000620000cc6200013e60201b60201c565b600780546001600160a01b0319166001600160a01b038316908117909155604051919250906000907f8be0079c531659141344cd1fd0a4f28419497f9722a3daafe3b4186f6b6457e0908290a350505050505062000355565b80516200013a90600690602084019062000142565b5050565b3390565b828054620001509062000302565b90600052602060002090601f016020900481019282620001745760008555620001bf565b82601f106200018f57805160ff1916838001178555620001bf565b82800160010185558215620001bf579182015b82811115620001bf578251825591602001919060010190620001a2565b50620001cd929150620001d1565b5090565b5b80821115620001cd5760008155600101620001d2565b600082601f830112620001f9578081fd5b81516001600160401b03808211156200021657620002166200033f565b604051601f8301601f19908116603f011681019082821181831017156200024157620002416200033f565b816040528381526020925086838588010111156200025d578485fd5b8491505b8382101562000280578582018301518183018401529082019062000261565b838211156200029157848385830101525b9695505050505050565b60008060408385031215620002ae578182fd5b82516001600160401b0380821115620002c5578384fd5b620002d386838701620001e8565b93506020850151915080821115620002e9578283fd5b50620002f885828601620001e8565b9150509250929050565b600181811c908216806200031757607f821691505b602082108114156200033957634e487b7160e01b600052602260045260246000fd5b50919050565b634e487b7160e01b600052604160045260246000fd5b611cfa80620003656000396000f3fe608060405234801561001057600080fd5b50600436106101205760003560e01c806377097fc8116100ad578063a22cb46511610071578063a22cb46514610262578063c87b56dd14610275578063e985e9c514610288578063f242432a146102c4578063f2fde38b146102d757600080fd5b806377097fc814610211578063862440e2146102245780638ce74426146102375780638da5cb5b1461023f57806395d89b411461025a57600080fd5b80632eb2c2d6116100f45780632eb2c2d6146101965780634e1273f4146101ab5780634ebbc92a146101cb57806355f804b3146101f6578063715018a61461020957600080fd5b8062fdd58e1461012557806301ffc9a71461014b57806306fdde031461016e5780630e89341c14610183575b600080fd5b610138610133366004611640565b6102ea565b6040519081526020015b60405180910390f35b61015e610159366004611734565b610383565b6040519015158152602001610142565b6101766103d5565b60405161014291906119b8565b6101766101913660046117d9565b610467565b6101a96101a43660046114fd565b610472565b005b6101be6101b9366004611669565b61073c565b6040516101429190611977565b61015e6101d93660046117d9565b6000908152600960205260409020546001600160a01b0316151590565b6101a961020436600461176c565b61089e565b6101a961090b565b6101a961021f3660046117f1565b61097f565b6101a96102323660046117f1565b61098a565b6101766109be565b6007546040516001600160a01b039091168152602001610142565b6101766109cd565b6101a9610270366004611606565b6109dc565b6101766102833660046117d9565b610ab3565b61015e6102963660046114cb565b6001600160a01b03918216600090815260026020908152604080832093909416825291909152205460ff1690565b6101a96102d23660046115a3565b610abe565b6101a96102e53660046114b1565b610c72565b60006001600160a01b03831661035b5760405162461bcd60e51b815260206004820152602b60248201527f455243313135353a2062616c616e636520717565727920666f7220746865207a60448201526a65726f206164647265737360a81b60648201526084015b60405180910390fd5b5060009081526001602090815260408083206001600160a01b03949094168352929052205490565b60006001600160e01b03198216636cdb3d1360e11b14806103b457506001600160e01b031982166303a24d0760e21b145b806103cf57506301ffc9a760e01b6001600160e01b03198316145b92915050565b6060600480546103e490611b5a565b80601f016020809104026020016040519081016040528092919081815260200182805461041090611b5a565b801561045d5780601f106104325761010080835404028352916020019161045d565b820191906000526020600020905b81548152906001019060200180831161044057829003601f168201915b5050505050905090565b60606103cf82610d5d565b81518351146104d45760405162461bcd60e51b815260206004820152602860248201527f455243313135353a2069647320616e6420616d6f756e7473206c656e677468206044820152670dad2e6dac2e8c6d60c31b6064820152608401610352565b6001600160a01b0384166104fa5760405162461bcd60e51b815260040161035290611a13565b6001600160a01b03851633148061051657506105168533610296565b61057d5760405162461bcd60e51b815260206004820152603260248201527f455243313135353a207472616e736665722063616c6c6572206973206e6f74206044820152711bdddb995c881b9bdc88185c1c1c9bdd995960721b6064820152608401610352565b3360005b84518110156106ce5760008582815181106105ac57634e487b7160e01b600052603260045260246000fd5b6020026020010151905060008583815181106105d857634e487b7160e01b600052603260045260246000fd5b60209081029190910181015160008481526001835260408082206001600160a01b038e1683529093529190912054909150818110156106295760405162461bcd60e51b815260040161035290611a58565b6106338282611b13565b6001600085815260200190815260200160002060008c6001600160a01b03166001600160a01b0316815260200190815260200160002081905550816001600085815260200190815260200160002060008b6001600160a01b03166001600160a01b0316815260200190815260200160002060008282546106b39190611afb565b92505081905550505050806106c790611bc2565b9050610581565b50846001600160a01b0316866001600160a01b0316826001600160a01b03167f4a39dc06d4c0dbc64b70af90fd698a233a518aa5d07e595d983b8c0526c8f7fb878760405161071e92919061198a565b60405180910390a4610734818787878787610ebc565b505050505050565b606081518351146107a15760405162461bcd60e51b815260206004820152602960248201527f455243313135353a206163636f756e747320616e6420696473206c656e677468604482015268040dad2e6dac2e8c6d60bb1b6064820152608401610352565b6000835167ffffffffffffffff8111156107cb57634e487b7160e01b600052604160045260246000fd5b6040519080825280602002602001820160405280156107f4578160200160208202803683370190505b50905060005b84518110156108965761085b85828151811061082657634e487b7160e01b600052603260045260246000fd5b602002602001015185838151811061084e57634e487b7160e01b600052603260045260246000fd5b60200260200101516102ea565b82828151811061087b57634e487b7160e01b600052603260045260246000fd5b602090810291909101015261088f81611bc2565b90506107fa565b509392505050565b6007546001600160a01b031633146108c85760405162461bcd60e51b815260040161035290611aa2565b61090782828080601f01602080910402602001604051908101604052809392919081815260200183838082843760009201919091525061102792505050565b5050565b6007546001600160a01b031633146109355760405162461bcd60e51b815260040161035290611aa2565b6007546040516000916001600160a01b0316907f8be0079c531659141344cd1fd0a4f28419497f9722a3daafe3b4186f6b6457e0908390a3600780546001600160a01b0319169055565b61090733838361103a565b6007546001600160a01b031633146109b45760405162461bcd60e51b815260040161035290611aa2565b61090782826110ab565b6060600080546103e490611b5a565b6060600580546103e490611b5a565b336001600160a01b0383161415610a475760405162461bcd60e51b815260206004820152602960248201527f455243313135353a2073657474696e6720617070726f76616c20737461747573604482015268103337b91039b2b63360b91b6064820152608401610352565b3360008181526002602090815260408083206001600160a01b03871680855290835292819020805460ff191686151590811790915590519081529192917f17307eab39ab6107e8899845ad3d59bd9653f200f220920489ca2b5937696c31910160405180910390a35050565b60606103cf82610467565b6001600160a01b038416610ae45760405162461bcd60e51b815260040161035290611a13565b6001600160a01b038516331480610b005750610b008533610296565b610b5e5760405162461bcd60e51b815260206004820152602960248201527f455243313135353a2063616c6c6572206973206e6f74206f776e6572206e6f7260448201526808185c1c1c9bdd995960ba1b6064820152608401610352565b33610b7e818787610b6e886110cf565b610b77886110cf565b5050505050565b60008481526001602090815260408083206001600160a01b038a16845290915290205483811015610bc15760405162461bcd60e51b815260040161035290611a58565b610bcb8482611b13565b60008681526001602090815260408083206001600160a01b038c81168552925280832093909355881681529081208054869290610c09908490611afb565b909155505060408051868152602081018690526001600160a01b03808916928a821692918616917fc3d58168c5ae7397731d063d5bbf3d657854427343f4c083240f7aacaa2d0f62910160405180910390a4610c69828888888888611128565b50505050505050565b6007546001600160a01b03163314610c9c5760405162461bcd60e51b815260040161035290611aa2565b6001600160a01b038116610d015760405162461bcd60e51b815260206004820152602660248201527f4f776e61626c653a206e6577206f776e657220697320746865207a65726f206160448201526564647265737360d01b6064820152608401610352565b6007546040516001600160a01b038084169216907f8be0079c531659141344cd1fd0a4f28419497f9722a3daafe3b4186f6b6457e090600090a3600780546001600160a01b0319166001600160a01b0392909216919091179055565b600081815260036020526040812080546060929190610d7b90611b5a565b905011610ddb5760405162461bcd60e51b815260206004820152602860248201527f455243313135353a2055524920717565727920666f72206e6f6e657869737465604482015267373a103a37b5b2b760c11b6064820152608401610352565b60008281526003602052604081208054610df490611b5a565b80601f0160208091040260200160405190810160405280929190818152602001828054610e2090611b5a565b8015610e6d5780601f10610e4257610100808354040283529160200191610e6d565b820191906000526020600020905b815481529060010190602001808311610e5057829003601f168201915b505050505090506000610e7e6111f2565b9050805160001415610e91575092915050565b8082604051602001610ea49291906118a5565b60405160208183030381529060405292505050919050565b6001600160a01b0384163b156107345760405163bc197c8160e01b81526001600160a01b0385169063bc197c8190610f0090899089908890889088906004016118d4565b602060405180830381600087803b158015610f1a57600080fd5b505af1925050508015610f4a575060408051601f3d908101601f19168201909252610f4791810190611750565b60015b610ff757610f56611c09565b806308c379a01415610f905750610f6b611c21565b80610f765750610f92565b8060405162461bcd60e51b815260040161035291906119b8565b505b60405162461bcd60e51b815260206004820152603460248201527f455243313135353a207472616e7366657220746f206e6f6e20455243313135356044820152732932b1b2b4bb32b91034b6b83632b6b2b73a32b960611b6064820152608401610352565b6001600160e01b0319811663bc197c8160e01b14610c695760405162461bcd60e51b8152600401610352906119cb565b8051610907906006906020840190611304565b611048600880546001019055565b600061105360085490565b905061107084828560405180602001604052806000815250611201565b61107a81836110ab565b600090815260096020526040902080546001600160a01b0319166001600160a01b0394909416939093179092555050565b600082815260036020908152604090912082516110ca92840190611304565b505050565b6040805160018082528183019092526060916000919060208083019080368337019050509050828160008151811061111757634e487b7160e01b600052603260045260246000fd5b602090810291909101015292915050565b6001600160a01b0384163b156107345760405163f23a6e6160e01b81526001600160a01b0385169063f23a6e619061116c9089908990889088908890600401611932565b602060405180830381600087803b15801561118657600080fd5b505af19250505080156111b6575060408051601f3d908101601f191682019092526111b391810190611750565b60015b6111c257610f56611c09565b6001600160e01b0319811663f23a6e6160e01b14610c695760405162461bcd60e51b8152600401610352906119cb565b6060600680546103e490611b5a565b6001600160a01b0384166112615760405162461bcd60e51b815260206004820152602160248201527f455243313135353a206d696e7420746f20746865207a65726f206164647265736044820152607360f81b6064820152608401610352565b3361127281600087610b6e886110cf565b60008481526001602090815260408083206001600160a01b0389168452909152812080548592906112a4908490611afb565b909155505060408051858152602081018590526001600160a01b0380881692600092918516917fc3d58168c5ae7397731d063d5bbf3d657854427343f4c083240f7aacaa2d0f62910160405180910390a4610b7781600087878787611128565b82805461131090611b5a565b90600052602060002090601f0160209004810192826113325760008555611378565b82601f1061134b57805160ff1916838001178555611378565b82800160010185558215611378579182015b8281111561137857825182559160200191906001019061135d565b50611384929150611388565b5090565b5b808211156113845760008155600101611389565b600067ffffffffffffffff8311156113b7576113b7611bf3565b6040516113ce601f8501601f191660200182611b95565b8091508381528484840111156113e357600080fd5b83836020830137600060208583010152509392505050565b80356001600160a01b038116811461141257600080fd5b919050565b600082601f830112611427578081fd5b8135602061143482611ad7565b6040516114418282611b95565b8381528281019150858301600585901b87018401881015611460578586fd5b855b8581101561147e57813584529284019290840190600101611462565b5090979650505050505050565b600082601f83011261149b578081fd5b6114aa8383356020850161139d565b9392505050565b6000602082840312156114c2578081fd5b6114aa826113fb565b600080604083850312156114dd578081fd5b6114e6836113fb565b91506114f4602084016113fb565b90509250929050565b600080600080600060a08688031215611514578081fd5b61151d866113fb565b945061152b602087016113fb565b9350604086013567ffffffffffffffff80821115611547578283fd5b61155389838a01611417565b94506060880135915080821115611568578283fd5b61157489838a01611417565b93506080880135915080821115611589578283fd5b506115968882890161148b565b9150509295509295909350565b600080600080600060a086880312156115ba578081fd5b6115c3866113fb565b94506115d1602087016113fb565b93506040860135925060608601359150608086013567ffffffffffffffff8111156115fa578182fd5b6115968882890161148b565b60008060408385031215611618578182fd5b611621836113fb565b915060208301358015158114611635578182fd5b809150509250929050565b60008060408385031215611652578182fd5b61165b836113fb565b946020939093013593505050565b6000806040838503121561167b578182fd5b823567ffffffffffffffff80821115611692578384fd5b818501915085601f8301126116a5578384fd5b813560206116b282611ad7565b6040516116bf8282611b95565b8381528281019150858301600585901b870184018b10156116de578889fd5b8896505b84871015611707576116f3816113fb565b8352600196909601959183019183016116e2565b509650508601359250508082111561171d578283fd5b5061172a85828601611417565b9150509250929050565b600060208284031215611745578081fd5b81356114aa81611cab565b600060208284031215611761578081fd5b81516114aa81611cab565b6000806020838503121561177e578182fd5b823567ffffffffffffffff80821115611795578384fd5b818501915085601f8301126117a8578384fd5b8135818111156117b6578485fd5b8660208285010111156117c7578485fd5b60209290920196919550909350505050565b6000602082840312156117ea578081fd5b5035919050565b60008060408385031215611803578182fd5b82359150602083013567ffffffffffffffff811115611820578182fd5b8301601f81018513611830578182fd5b61172a8582356020840161139d565b6000815180845260208085019450808401835b8381101561186e57815187529582019590820190600101611852565b509495945050505050565b60008151808452611891816020860160208601611b2a565b601f01601f19169290920160200192915050565b600083516118b7818460208801611b2a565b8351908301906118cb818360208801611b2a565b01949350505050565b6001600160a01b0386811682528516602082015260a0604082018190526000906119009083018661183f565b8281036060840152611912818661183f565b905082810360808401526119268185611879565b98975050505050505050565b6001600160a01b03868116825285166020820152604081018490526060810183905260a06080820181905260009061196c90830184611879565b979650505050505050565b6020815260006114aa602083018461183f565b60408152600061199d604083018561183f565b82810360208401526119af818561183f565b95945050505050565b6020815260006114aa6020830184611879565b60208082526028908201527f455243313135353a204552433131353552656365697665722072656a656374656040820152676420746f6b656e7360c01b606082015260800190565b60208082526025908201527f455243313135353a207472616e7366657220746f20746865207a65726f206164604082015264647265737360d81b606082015260800190565b6020808252602a908201527f455243313135353a20696e73756666696369656e742062616c616e636520666f60408201526939103a3930b739b332b960b11b606082015260800190565b6020808252818101527f4f776e61626c653a2063616c6c6572206973206e6f7420746865206f776e6572604082015260600190565b600067ffffffffffffffff821115611af157611af1611bf3565b5060051b60200190565b60008219821115611b0e57611b0e611bdd565b500190565b600082821015611b2557611b25611bdd565b500390565b60005b83811015611b45578181015183820152602001611b2d565b83811115611b54576000848401525b50505050565b600181811c90821680611b6e57607f821691505b60208210811415611b8f57634e487b7160e01b600052602260045260246000fd5b50919050565b601f8201601f1916810167ffffffffffffffff81118282101715611bbb57611bbb611bf3565b6040525050565b6000600019821415611bd657611bd6611bdd565b5060010190565b634e487b7160e01b600052601160045260246000fd5b634e487b7160e01b600052604160045260246000fd5b600060033d1115611c1e57600481823e5160e01c5b90565b600060443d1015611c2f5790565b6040516003193d81016004833e81513d67ffffffffffffffff8160248401118184111715611c5f57505050505090565b8285019150815181811115611c775750505050505090565b843d8701016020828501011115611c915750505050505090565b611ca060208286010187611b95565b509095945050505050565b6001600160e01b031981168114611cc157600080fd5b5056fea26469706673582212202f4871c6f7a123768de8fa2739a778c19d682875f54c79f95bb712e50df3047d64736f6c63430008040033000000000000000000000000000000000000000000000000000000000000004000000000000000000000000000000000000000000000000000000000000000800000000000000000000000000000000000000000000000000000000000000008784e4654313135350000000000000000000000000000000000000000000000000000000000000000000000000000000000000000000000000000000000000008784e465431313535000000000000000000000000000000000000000000000000', '', '[]', '[]', '[]', null, null, null, 6, null, 'lat102u32hu0kj3xjzxvd3gl8tameqc2f75cpuecle'),
        (857756, '0x13302ae54f6892d1ab80c2e9b8b6a3230fdac03402db79ab0de13953b3b15124', '0x1a54e5007036a2f7f0075eedbaf95c798cd61a0ab45a914cf2acef126fa359e6', 26516234, 0, '2022-03-18 21:34:14', '2', 1, '10000000000', '148992', '148992', 'lat1fjdrkypgumaxg6w32mm3uqrwght3kpd0cx3fxz', 'lat102u32hu0kj3xjzxvd3gl8tameqc2f75cpuecle', '0', 11, '1489920000000000', 7, 2651623400000, '2022-12-03 14:00:18', '2022-12-03 14:00:18', '0x77097fc800000000000000000000000000000000000000000000000000000000000027100000000000000000000000000000000000000000000000000000000000000040000000000000000000000000000000000000000000000000000000000000002e516d536d5a745554355a48515a52574c5468476f6e63677835557a7439523162714b6352763358624c4761687138000000000000000000000000000000000000', '', '[{"contract":"lat102u32hu0kj3xjzxvd3gl8tameqc2f75cpuecle","from":"lat1qqqqqqqqqqqqqqqqqqqqqqqqqqqqqqqq542u6a","fromType":1,"name":"xNFT1155","symbol":"xNFT1155","to":"lat1fjdrkypgumaxg6w32mm3uqrwght3kpd0cx3fxz","toType":1,"tokenId":"1","value":"10000"}]', '[]', '[]', null, null, null, 6, null, null),
        (857757, '0xd000a4895585e6204cef86a5e6b1907635a61f0673cd5630cad6df9003907458', '0xe963b90326a09095aa838f27c1d0f3171b262c230e204477778843cb731c676b', 26516283, 0, '2022-03-18 21:35:07', '3', 1, '10000000000', '44222', '44222', 'lat1fjdrkypgumaxg6w32mm3uqrwght3kpd0cx3fxz', 'lat102u32hu0kj3xjzxvd3gl8tameqc2f75cpuecle', '0', 11, '442220000000000', 7, 2651628300000, '2022-12-03 14:00:19', '2022-12-03 14:00:19', '0xa22cb4650000000000000000000000007d08e7b7b4cdea61d4f0807c9a905cb15747675f0000000000000000000000000000000000000000000000000000000000000001', '', '[]', '[]', '[]', null, null, null, 6, null, null),
        (867475, '0xdabc8c192e830cbf2fe7c000a603bb5d99852c3d4166e86c1dcdda6920217766', '0x70144b4738dd31b602ad66a54e5c4480b9dffe34badfa6b3af75123d905b3041', 27399869, 0, '2022-03-29 20:02:55', '4', 1, '1000000000', '44222', '44222', 'lat1s4pnw7kr8qh2eujttd6zxp562de0sxz8h40565', 'lat102u32hu0kj3xjzxvd3gl8tameqc2f75cpuecle', '0', 11, '44222000000000', 7, 2739986900000, '2022-12-03 22:12:30', '2022-12-03 22:12:30', '0xa22cb465000000000000000000000000b98ca994b7d87521ab1fce0f40616cf7e3f302420000000000000000000000000000000000000000000000000000000000000001', '', '[]', '[]', '[]', null, null, null, 6, null, null),
        (867478, '0xbb35680626beeeb844dc3763eb2ea1aa0cf28391b73a0f64af4d5ab8e0918397', '0x5dadc6cd2e2ee674faad2079edadbd88d6f596c4200253105611b01ddd73524a', 27399973, 0, '2022-03-29 20:04:45', '5', 1, '10000000000', '44222', '44222', 'lat1s4pnw7kr8qh2eujttd6zxp562de0sxz8h40565', 'lat102u32hu0kj3xjzxvd3gl8tameqc2f75cpuecle', '0', 11, '442220000000000', 7, 2739997300000, '2022-12-03 22:12:34', '2022-12-03 22:12:34', '0xa22cb4650000000000000000000000007d08e7b7b4cdea61d4f0807c9a905cb15747675f0000000000000000000000000000000000000000000000000000000000000001', '', '[]', '[]', '[]', null, null, null, 6, null, null),
        (1178302, '0xdadf09eeca030464ae1726f6f3d53e14f0f962e10efb106fb93d425a7eff7227', '0x334a3626c66d929019c68014a7f33508d0653735373b2fb0f8dbc6f283b7bf5a', 37136867, 0, '2022-07-28 09:10:52', '23', 1, '1000000000', '2186788', '8999999', 'lat1zrq89dhle45g78mm4j8aq3dq5m2shpu56ggc6e', 'lat1wedlf63luguf0zg7ema54we8rwrqur6wd7k2cz', '0', 10, '2186788000000000', 7, 3713686700000, '2022-12-07 20:36:08', '2022-12-07 20:36:08', '0x608060405260016006553480156200001657600080fd5b506040516200273c3803806200273c833981018060405260208110156200003c57600080fd5b8101908080516401000000008111156200005557600080fd5b828101905060208101848111156200006c57600080fd5b81518560018202830111640100000000821117156200008a57600080fd5b5050929190505050336000806101000a81548173ffffffffffffffffffffffffffffffffffffffff021916908373ffffffffffffffffffffffffffffffffffffffff1602179055508060059080519060200190620000ea929190620000f2565b5050620001a1565b828054600181600116156101000203166002900490600052602060002090601f016020900481019282601f106200013557805160ff191683800117855562000166565b8280016001018555821562000166579182015b828111156200016557825182559160200191906001019062000148565b5b50905062000175919062000179565b5090565b6200019e91905b808211156200019a57600081600090555060010162000180565b5090565b90565b61258b80620001b16000396000f3fe608060405234801561001057600080fd5b50600436106100d0576000357c01000000000000000000000000000000000000000000000000000000009004806377097fc81161008e57806377097fc81461054c578063906c30e314610695578063a22cb465146106d9578063cc3a35e314610729578063e985e9c514610733578063f242432a146107af576100d0565b8062fdd58e146100d557806301ffc9a71461013757806306fdde031461019c5780630e89341c1461021f5780632eb2c2d6146102c65780634e1273f414610429575b600080fd5b610121600480360360408110156100eb57600080fd5b81019080803573ffffffffffffffffffffffffffffffffffffffff1690602001909291908035906020019092919050505061087c565b6040518082815260200191505060405180910390f35b6101826004803603602081101561014d57600080fd5b8101908080357bffffffffffffffffffffffffffffffffffffffffffffffffffffffff191690602001909291905050506108d7565b604051808215151515815260200191505060405180910390f35b6101a4610a1a565b6040518080602001828103825283818151815260200191508051906020019080838360005b838110156101e45780820151818401526020810190506101c9565b50505050905090810190601f1680156102115780820380516001836020036101000a031916815260200191505b509250505060405180910390f35b61024b6004803603602081101561023557600080fd5b8101908080359060200190929190505050610abc565b6040518080602001828103825283818151815260200191508051906020019080838360005b8381101561028b578082015181840152602081019050610270565b50505050905090810190601f1680156102b85780820380516001836020036101000a031916815260200191505b509250505060405180910390f35b610427600480360360a08110156102dc57600080fd5b81019080803573ffffffffffffffffffffffffffffffffffffffff169060200190929190803573ffffffffffffffffffffffffffffffffffffffff1690602001909291908035906020019064010000000081111561033957600080fd5b82018360208201111561034b57600080fd5b8035906020019184602083028401116401000000008311171561036d57600080fd5b90919293919293908035906020019064010000000081111561038e57600080fd5b8201836020820111156103a057600080fd5b803590602001918460208302840111640100000000831117156103c257600080fd5b9091929391929390803590602001906401000000008111156103e357600080fd5b8201836020820111156103f557600080fd5b8035906020019184600183028401116401000000008311171561041757600080fd5b9091929391929390505050610b71565b005b6104f56004803603604081101561043f57600080fd5b810190808035906020019064010000000081111561045c57600080fd5b82018360208201111561046e57600080fd5b8035906020019184602083028401116401000000008311171561049057600080fd5b9091929391929390803590602001906401000000008111156104b157600080fd5b8201836020820111156104c357600080fd5b803590602001918460208302840111640100000000831117156104e557600080fd5b90919293919293905050506112d2565b6040518080602001828103825283818151815260200191508051906020019060200280838360005b8381101561053857808201518184015260208101905061051d565b505050509050019250505060405180910390f35b61060f6004803603604081101561056257600080fd5b81019080803590602001909291908035906020019064010000000081111561058957600080fd5b82018360208201111561059b57600080fd5b803590602001918460018302840111640100000000831117156105bd57600080fd5b91908080601f016020809104026020016040519081016040528093929190818152602001838380828437600081840152601f19601f8201169050808301925050505050505091929192905050506113f3565b604051808315151515815260200180602001828103825283818151815260200191508051906020019080838360005b8381101561065957808201518184015260208101905061063e565b50505050905090810190601f1680156106865780820380516001836020036101000a031916815260200191505b50935050505060405180910390f35b6106d7600480360360208110156106ab57600080fd5b81019080803573ffffffffffffffffffffffffffffffffffffffff169060200190929190505050611708565b005b610727600480360360408110156106ef57600080fd5b81019080803573ffffffffffffffffffffffffffffffffffffffff16906020019092919080351515906020019092919050505061174c565b005b6107316118f2565b005b6107956004803603604081101561074957600080fd5b81019080803573ffffffffffffffffffffffffffffffffffffffff169060200190929190803573ffffffffffffffffffffffffffffffffffffffff169060200190929190505050611936565b604051808215151515815260200191505060405180910390f35b61087a600480360360a08110156107c557600080fd5b81019080803573ffffffffffffffffffffffffffffffffffffffff169060200190929190803573ffffffffffffffffffffffffffffffffffffffff16906020019092919080359060200190929190803590602001909291908035906020019064010000000081111561083657600080fd5b82018360208201111561084857600080fd5b8035906020019184600183028401116401000000008311171561086a57600080fd5b9091929391929390505050611a22565b005b60006001600083815260200190815260200160002060008473ffffffffffffffffffffffffffffffffffffffff1673ffffffffffffffffffffffffffffffffffffffff16815260200190815260200160002054905092915050565b60006301ffc9a77c0100000000000000000000000000000000000000000000000000000000027bffffffffffffffffffffffffffffffffffffffffffffffffffffffff1916827bffffffffffffffffffffffffffffffffffffffffffffffffffffffff191614806109a8575063d9b67a267c0100000000000000000000000000000000000000000000000000000000027bffffffffffffffffffffffffffffffffffffffffffffffffffffffff1916827bffffffffffffffffffffffffffffffffffffffffffffffffffffffff1916145b80610a13575063d9b67a267c0100000000000000000000000000000000000000000000000000000000027bffffffffffffffffffffffffffffffffffffffffffffffffffffffff1916827bffffffffffffffffffffffffffffffffffffffffffffffffffffffff1916145b9050919050565b606060058054600181600116156101000203166002900480601f016020809104026020016040519081016040528092919081815260200182805460018160011615610100020316600290048015610ab25780601f10610a8757610100808354040283529160200191610ab2565b820191906000526020600020905b815481529060010190602001808311610a9557829003601f168201915b5050505050905090565b6060600460008381526020019081526020016000208054600181600116156101000203166002900480601f016020809104026020016040519081016040528092919081815260200182805460018160011615610100020316600290048015610b655780601f10610b3a57610100808354040283529160200191610b65565b820191906000526020600020905b815481529060010190602001808311610b4857829003601f168201915b50505050509050919050565b600073ffffffffffffffffffffffffffffffffffffffff168773ffffffffffffffffffffffffffffffffffffffff1614151515610c16576040517f08c379a00000000000000000000000000000000000000000000000000000000081526004018080602001828103825260188152602001807fe68ea5e694b6e59cb0e59d80e4b88de883bde4b8bae7a9ba000000000000000081525060200191505060405180910390fd5b8383905086869050141515610c93576040517f08c379a000000000000000000000000000000000000000000000000000000000815260040180806020018281038252601e8152602001807f696473e5928c76616c756573e79a84e995bfe5baa6e8a681e79bb8e5908c000081525060200191505060405180910390fd5b3373ffffffffffffffffffffffffffffffffffffffff168873ffffffffffffffffffffffffffffffffffffffff161480610d5a575060011515600360008a73ffffffffffffffffffffffffffffffffffffffff1673ffffffffffffffffffffffffffffffffffffffff16815260200190815260200160002060003373ffffffffffffffffffffffffffffffffffffffff1673ffffffffffffffffffffffffffffffffffffffff16815260200190815260200160002060009054906101000a900460ff161515145b1515610dce576040517f08c379a000000000000000000000000000000000000000000000000000000000815260040180806020018281038252600f8152602001807fe697a0e6938de4bd9ce69d83e99990000000000000000000000000000000000081525060200191505060405180910390fd5b60008090505b868690508110156111025760008787838181101515610def57fe5b90506020020135905060008686848181101515610e0857fe5b9050602002013590506001600083815260200190815260200160002060008c73ffffffffffffffffffffffffffffffffffffffff1673ffffffffffffffffffffffffffffffffffffffff168152602001908152602001600020548111151515610ed9576040517f08c379a000000000000000000000000000000000000000000000000000000000815260040180806020018281038252600c8152602001807fe4bd99e9a29de4b88de8b6b3000000000000000000000000000000000000000081525060200191505060405180910390fd5b806001600084815260200190815260200160002060008d73ffffffffffffffffffffffffffffffffffffffff1673ffffffffffffffffffffffffffffffffffffffff16815260200190815260200160002054036001600084815260200190815260200160002060008d73ffffffffffffffffffffffffffffffffffffffff1673ffffffffffffffffffffffffffffffffffffffff168152602001908152602001600020819055506000816001600085815260200190815260200160002060008d73ffffffffffffffffffffffffffffffffffffffff1673ffffffffffffffffffffffffffffffffffffffff168152602001908152602001600020540190506001600084815260200190815260200160002060008c73ffffffffffffffffffffffffffffffffffffffff1673ffffffffffffffffffffffffffffffffffffffff16815260200190815260200160002054811015151561109f576040517f08c379a000000000000000000000000000000000000000000000000000000000815260040180806020018281038252600d8152602001807fe4bd99e9a29de6baa2e587ba210000000000000000000000000000000000000081525060200191505060405180910390fd5b806001600085815260200190815260200160002060008d73ffffffffffffffffffffffffffffffffffffffff1673ffffffffffffffffffffffffffffffffffffffff16815260200190815260200160002081905550505050806001019050610dd4565b508673ffffffffffffffffffffffffffffffffffffffff168873ffffffffffffffffffffffffffffffffffffffff163373ffffffffffffffffffffffffffffffffffffffff167f4a39dc06d4c0dbc64b70af90fd698a233a518aa5d07e595d983b8c0526c8f7fb898989896040518080602001806020018381038352878782818152602001925060200280828437600081840152601f19601f8201169050808301925050508381038252858582818152602001925060200280828437600081840152601f19601f820116905080830192505050965050505050505060405180910390a46111ee8761202b565b156112c8576112c7338989898980806020026020016040519081016040528093929190818152602001838360200280828437600081840152601f19601f82011690508083019250505050505050888880806020026020016040519081016040528093929190818152602001838360200280828437600081840152601f19601f8201169050808301925050505050505087878080601f016020809104026020016040519081016040528093929190818152602001838380828437600081840152601f19601f8201169050808301925050505050505061203e565b5b5050505050505050565b606082829050858590501415156112e857600080fd5b60608585905060405190808252806020026020018201604052801561131c5781602001602082028038833980820191505090505b50905060008090505b868690508110156113e65760016000868684818110151561134257fe5b9050602002013581526020019081526020016000206000888884818110151561136757fe5b9050602002013573ffffffffffffffffffffffffffffffffffffffff1673ffffffffffffffffffffffffffffffffffffffff1673ffffffffffffffffffffffffffffffffffffffff1681526020019081526020016000205482828151811015156113cd57fe5b9060200190602002018181525050806001019050611325565b5080915050949350505050565b600060606000600660008154809291906001019190505590506000856001600084815260200190815260200160002060003373ffffffffffffffffffffffffffffffffffffffff1673ffffffffffffffffffffffffffffffffffffffff168152602001908152602001600020540190506001600083815260200190815260200160002060003373ffffffffffffffffffffffffffffffffffffffff1673ffffffffffffffffffffffffffffffffffffffff16815260200190815260200160002054811015151561152b576040517f08c379a000000000000000000000000000000000000000000000000000000000815260040180806020018281038252600d8152602001807fe4bd99e9a29de6baa2e587ba210000000000000000000000000000000000000081525060200191505060405180910390fd5b806001600084815260200190815260200160002060003373ffffffffffffffffffffffffffffffffffffffff1673ffffffffffffffffffffffffffffffffffffffff1681526020019081526020016000208190555085600260008481526020019081526020016000205401905060026000838152602001908152602001600020548110151515611623576040517f08c379a000000000000000000000000000000000000000000000000000000000815260040180806020018281038252600d8152602001807fe4bd99e9a29de6baa2e587ba210000000000000000000000000000000000000081525060200191505060405180910390fd5b806002600084815260200190815260200160002081905550846004600084815260200190815260200160002090805190602001906116629291906124ba565b503373ffffffffffffffffffffffffffffffffffffffff16600073ffffffffffffffffffffffffffffffffffffffff163373ffffffffffffffffffffffffffffffffffffffff167fc3d58168c5ae7397731d063d5bbf3d657854427343f4c083240f7aacaa2d0f62858a604051808381526020018281526020019250505060405180910390a4600160206040519081016040528060008152509350935050509250929050565b80600760006101000a81548173ffffffffffffffffffffffffffffffffffffffff021916908373ffffffffffffffffffffffffffffffffffffffff16021790555050565b600073ffffffffffffffffffffffffffffffffffffffff168273ffffffffffffffffffffffffffffffffffffffff16141515156117f1576040517f08c379a000000000000000000000000000000000000000000000000000000000815260040180806020018281038252601b8152602001807fe8a2abe68e88e69d83e59cb0e59d80e4b88de883bde4b8bae7a9ba000000000081525060200191505060405180910390fd5b80600360003373ffffffffffffffffffffffffffffffffffffffff1673ffffffffffffffffffffffffffffffffffffffff16815260200190815260200160002060008473ffffffffffffffffffffffffffffffffffffffff1673ffffffffffffffffffffffffffffffffffffffff16815260200190815260200160002060006101000a81548160ff0219169083151502179055508173ffffffffffffffffffffffffffffffffffffffff163373ffffffffffffffffffffffffffffffffffffffff167f17307eab39ab6107e8899845ad3d59bd9653f200f220920489ca2b5937696c3183604051808215151515815260200191505060405180910390a35050565b6000600760006101000a81548173ffffffffffffffffffffffffffffffffffffffff021916908373ffffffffffffffffffffffffffffffffffffffff160217905550565b6000600760009054906101000a900473ffffffffffffffffffffffffffffffffffffffff1673ffffffffffffffffffffffffffffffffffffffff168273ffffffffffffffffffffffffffffffffffffffff161480611a1a5750600360003373ffffffffffffffffffffffffffffffffffffffff1673ffffffffffffffffffffffffffffffffffffffff16815260200190815260200160002060008373ffffffffffffffffffffffffffffffffffffffff1673ffffffffffffffffffffffffffffffffffffffff16815260200190815260200160002060009054906101000a900460ff165b905092915050565b600073ffffffffffffffffffffffffffffffffffffffff168573ffffffffffffffffffffffffffffffffffffffff1614151515611ac7576040517f08c379a00000000000000000000000000000000000000000000000000000000081526004018080602001828103825260188152602001807fe68ea5e694b6e59cb0e59d80e4b88de883bde4b8bae7a9ba000000000000000081525060200191505060405180910390fd5b3373ffffffffffffffffffffffffffffffffffffffff16600760009054906101000a900473ffffffffffffffffffffffffffffffffffffffff1673ffffffffffffffffffffffffffffffffffffffff161480611b4e57503373ffffffffffffffffffffffffffffffffffffffff168673ffffffffffffffffffffffffffffffffffffffff16145b80611be6575060011515600360008873ffffffffffffffffffffffffffffffffffffffff1673ffffffffffffffffffffffffffffffffffffffff16815260200190815260200160002060003373ffffffffffffffffffffffffffffffffffffffff1673ffffffffffffffffffffffffffffffffffffffff16815260200190815260200160002060009054906101000a900460ff161515145b1515611c5a576040517f08c379a000000000000000000000000000000000000000000000000000000000815260040180806020018281038252600f8152602001807fe697a0e69d83e99990e6938de4bd9c000000000000000000000000000000000081525060200191505060405180910390fd5b6001600085815260200190815260200160002060008773ffffffffffffffffffffffffffffffffffffffff1673ffffffffffffffffffffffffffffffffffffffff168152602001908152602001600020548311151515611d22576040517f08c379a000000000000000000000000000000000000000000000000000000000815260040180806020018281038252600c8152602001807fe4bd99e9a29de4b88de8b6b3000000000000000000000000000000000000000081525060200191505060405180910390fd5b826001600086815260200190815260200160002060008873ffffffffffffffffffffffffffffffffffffffff1673ffffffffffffffffffffffffffffffffffffffff16815260200190815260200160002054036001600086815260200190815260200160002060008873ffffffffffffffffffffffffffffffffffffffff1673ffffffffffffffffffffffffffffffffffffffff168152602001908152602001600020819055506000836001600087815260200190815260200160002060008873ffffffffffffffffffffffffffffffffffffffff1673ffffffffffffffffffffffffffffffffffffffff168152602001908152602001600020540190506001600086815260200190815260200160002060008773ffffffffffffffffffffffffffffffffffffffff1673ffffffffffffffffffffffffffffffffffffffff168152602001908152602001600020548110151515611ee8576040517f08c379a000000000000000000000000000000000000000000000000000000000815260040180806020018281038252600d8152602001807fe4bd99e9a29de6baa2e587ba210000000000000000000000000000000000000081525060200191505060405180910390fd5b806001600087815260200190815260200160002060008873ffffffffffffffffffffffffffffffffffffffff1673ffffffffffffffffffffffffffffffffffffffff168152602001908152602001600020819055508573ffffffffffffffffffffffffffffffffffffffff168773ffffffffffffffffffffffffffffffffffffffff168873ffffffffffffffffffffffffffffffffffffffff167fc3d58168c5ae7397731d063d5bbf3d657854427343f4c083240f7aacaa2d0f628888604051808381526020018281526020019250505060405180910390a4611fca8661202b565b1561202257612021338888888888888080601f016020809104026020016040519081016040528093929190818152602001838380828437600081840152601f19601f820116905080830192505050505050506122bd565b5b50505050505050565b600080823b905060008111915050919050565b63bc197c817c0100000000000000000000000000000000000000000000000000000000027bffffffffffffffffffffffffffffffffffffffffffffffffffffffff19168473ffffffffffffffffffffffffffffffffffffffff1663bc197c8188888787876040518663ffffffff167c0100000000000000000000000000000000000000000000000000000000028152600401808673ffffffffffffffffffffffffffffffffffffffff1673ffffffffffffffffffffffffffffffffffffffff1681526020018573ffffffffffffffffffffffffffffffffffffffff1673ffffffffffffffffffffffffffffffffffffffff168152602001806020018060200180602001848103845287818151815260200191508051906020019060200280838360005b8381101561217c578082015181840152602081019050612161565b50505050905001848103835286818151815260200191508051906020019060200280838360005b838110156121be5780820151818401526020810190506121a3565b50505050905001848103825285818151815260200191508051906020019080838360005b838110156121fd5780820151818401526020810190506121e2565b50505050905090810190601f16801561222a5780820380516001836020036101000a031916815260200191505b5098505050505050505050602060405180830381600087803b15801561224f57600080fd5b505af1158015612263573d6000803e3d6000fd5b505050506040513d602081101561227957600080fd5b81019080805190602001909291905050507bffffffffffffffffffffffffffffffffffffffffffffffffffffffff19161415156122b557600080fd5b505050505050565b63f23a6e617c0100000000000000000000000000000000000000000000000000000000027bffffffffffffffffffffffffffffffffffffffffffffffffffffffff19168473ffffffffffffffffffffffffffffffffffffffff1663f23a6e6188888787876040518663ffffffff167c0100000000000000000000000000000000000000000000000000000000028152600401808673ffffffffffffffffffffffffffffffffffffffff1673ffffffffffffffffffffffffffffffffffffffff1681526020018573ffffffffffffffffffffffffffffffffffffffff1673ffffffffffffffffffffffffffffffffffffffff16815260200184815260200183815260200180602001828103825283818151815260200191508051906020019080838360005b838110156123fc5780820151818401526020810190506123e1565b50505050905090810190601f1680156124295780820380516001836020036101000a031916815260200191505b509650505050505050602060405180830381600087803b15801561244c57600080fd5b505af1158015612460573d6000803e3d6000fd5b505050506040513d602081101561247657600080fd5b81019080805190602001909291905050507bffffffffffffffffffffffffffffffffffffffffffffffffffffffff19161415156124b257600080fd5b505050505050565b828054600181600116156101000203166002900490600052602060002090601f016020900481019282601f106124fb57805160ff1916838001178555612529565b82800160010185558215612529579182015b8281111561252857825182559160200191906001019061250d565b5b509050612536919061253a565b5090565b61255c91905b80821115612558576000816000905550600101612540565b5090565b9056fea165627a7a723058203791a9ff446ae3cab81920d45b90aade553b4401d66f23e5ab33047cab52b2eb00290000000000000000000000000000000000000000000000000000000000000020000000000000000000000000000000000000000000000000000000000000000c505243313135352d546573740000000000000000000000000000000000000000', '', null, null, null, null, null, null, 6, null, 'lat1wedlf63luguf0zg7ema54we8rwrqur6wd7k2cz'),
        (1178306, '0xaa2155d0a4b0a206c7fe3ef28bff03a58f24ce2a57691f86dba8c96b6a59eb03', '0x32a34456acbf3f3767d9fe6ba264cb949e615970b2a4bb822807753e24c8b003', 37136907, 0, '2022-07-28 09:11:35', '24', 1, '1000000000', '174584', '8999999', 'lat1zrq89dhle45g78mm4j8aq3dq5m2shpu56ggc6e', 'lat1wedlf63luguf0zg7ema54we8rwrqur6wd7k2cz', '0', 11, '174584000000000', 7, 3713690700000, '2022-12-07 20:36:09', '2022-12-07 20:36:09', '0x77097fc800000000000000000000000000000000000000000000000000000000000003e70000000000000000000000000000000000000000000000000000000000000040000000000000000000000000000000000000000000000000000000000000006f68747470733a2f2f64712d6c6976652d616c7068612e6f62732e636e2d6e6f7274682d342e6d79687561776569636c6f75642e636f6d2f7075626c696325324632313325324662637725324631363538393730333533373437313635383937303335333734372d6e66742e6a736f6e0000000000000000000000000000000000', '', '[{"contract":"lat1wedlf63luguf0zg7ema54we8rwrqur6wd7k2cz","from":"lat1qqqqqqqqqqqqqqqqqqqqqqqqqqqqqqqq542u6a","fromType":1,"name":"PRC1155-Test","to":"lat1zrq89dhle45g78mm4j8aq3dq5m2shpu56ggc6e","toType":1,"tokenId":"1","value":"999"}]', '[]', '[]', null, null, null, 6, null, null);
-- 手动插入的基金会的内部地址
insert into internal_address (name, address, type, balance, restricting_balance, is_show, is_calculate, create_id, create_name, create_time, update_id, update_name, update_time)
values
    ('基金会地址', 'lat109my695pn0qvv93jewjv6qvhqlwwverwp28avv', 0, 25000000000000000000000000 , 0 , 1, 1, 1, 'admin', '2021-09-17 14:56:23', 1, 'admin', '2021-10-22 18:36:00'),
    ('基金会地址', 'lat10rc2zemgtdesdmxqt4zdxskwfhufzkvqx0a54z', 0, 25000000000000000000000000 , 0 , 1, 0, 1, 'admin', '2021-09-17 14:56:23', 1, 'admin', '2021-10-22 18:36:00'),
    ('基金会地址', 'lat12h8zzju90vjs0y6ldjztgh6l3ktfd752f8ztj7', 0, 25000000000000000000000000 , 0 , 1, 1, 1, 'admin', '2021-09-17 14:56:23', 1, 'admin', '2021-10-22 18:36:00'),
    ('基金会地址', 'lat12mkm0a76k80gedvmhp303vfpjgt9fnwvd7xjru', 0, 25000000000000000000000000 , 0 , 1, 1, 1, 'admin', '2021-09-17 14:56:23', 1, 'admin', '2021-10-22 18:36:00'),
    ('基金会地址', 'lat12xsp76zjhs73cfr92zmehgd5yhtdas8rquq2dh', 0, 25000000000000000000000000 , 0 , 1, 1, 1, 'admin', '2021-09-17 14:56:23', 1, 'admin', '2021-10-22 18:36:00'),
    ('基金会地址', 'lat137ew9tunjx682cwt3f8yl2p8vnyv9pyzpwzw2c', 0, 25000000000000000000000000 , 0 , 1, 1, 1, 'admin', '2021-09-17 14:56:23', 1, 'admin', '2021-10-22 18:36:00'),
    ('基金会地址', 'lat137sezdwm7fcnlj7fg3w0q2ntgc9y0rxsxq3z85', 0, 25000000000000000000000000 , 0 , 1, 1, 1, 'admin', '2021-09-17 14:56:23', 1, 'admin', '2021-10-22 18:36:00'),
    ('基金会地址', 'lat13akars5yhta3kmrms569yt3z2ew6hya82ekj2x', 0, 25000000000000000000000000 , 0 , 1, 1, 1, 'admin', '2021-09-17 14:56:23', 1, 'admin', '2021-10-22 18:36:00'),
    ('基金会地址', 'lat13c8tkjj8fhu47xc0qyydtq8x0zpa07kt09089t', 0, 25000000000000000000000000 , 0 , 1, 0, 1, 'admin', '2021-09-17 14:56:23', 1, 'admin', '2021-10-22 18:36:00'),
    ('基金会地址', 'lat13u6hmlt2dusc6h8xruqgvhx0cfpw3elc8vhvws', 0, 25000000000000000000000000 , 0 , 1, 1, 1, 'admin', '2021-09-17 14:56:23', 1, 'admin', '2021-10-22 18:36:00'),
    ('基金会地址', 'lat140zulvqxaajw67v8d5nng7ehgphq44dajad4az', 0, 25000000000000000000000000 , 0 , 1, 1, 1, 'admin', '2021-09-17 14:56:23', 1, 'admin', '2021-10-22 18:36:00'),
    ('基金会地址', 'lat146dqqmjmwfx5wd4rqrn8j4d8ayejw64sjw8j5c', 0, 25000000000000000000000000 , 0 , 1, 0, 1, 'admin', '2021-09-17 14:56:23', 1, 'admin', '2021-10-22 18:36:00'),
    ('基金会地址', 'lat149su2w2wfyfy5lgmj6zslq5k2g5633kmflcugu', 0, 25000000000000000000000000 , 0 , 1, 1, 1, 'admin', '2021-09-17 14:56:23', 1, 'admin', '2021-10-22 18:36:00'),
    ('基金会地址', 'lat14k6x0tu8dekkff88nxcsj5pc07zkpp6nwlzqhd', 0, 25000000000000000000000000 , 0 , 1, 1, 1, 'admin', '2021-09-17 14:56:23', 1, 'admin', '2021-10-22 18:36:00'),
    ('基金会地址', 'lat14q3uc5jvmlzujc98vq8fnv2l0fknzvu9lmw6zm', 0, 25000000000000000000000000 , 0 , 1, 0, 1, 'admin', '2021-09-17 14:56:23', 1, 'admin', '2021-10-22 18:36:00'),
    ('基金会地址', 'lat14q7sumdzqn9ucemekawq55s3ncqd0q6j6spjlg', 0, 25000000000000000000000000 , 0 , 1, 1, 1, 'admin', '2021-09-17 14:56:23', 1, 'admin', '2021-10-22 18:36:00'),
    ('基金会地址', 'lat14ql4akxynte7mwnez9wnlvwh2a2ndvflugex9y', 0, 25000000000000000000000000 , 0 , 1, 1, 1, 'admin', '2021-09-17 14:56:23', 1, 'admin', '2021-10-22 18:36:00'),
    ('基金会地址', 'lat14qyn4wljgctt2nj8gkjpt9ch0yp0srw82362m0', 0, 25000000000000000000000000 , 0 , 1, 1, 1, 'admin', '2021-09-17 14:56:23', 1, 'admin', '2021-10-22 18:36:00'),
    ('基金会地址', 'lat14u9fm0vjc3qx98j43hzg8assvrm4levvzc7za9', 0, 25000000000000000000000000 , 0 , 1, 0, 1, 'admin', '2021-09-17 14:56:23', 1, 'admin', '2021-10-22 18:36:00'),
    ('基金会地址', 'lat14vztehvzz5x039frxclztaxy2mcftwhuwcplw9', 0, 25000000000000000000000000 , 0 , 1, 1, 1, 'admin', '2021-09-17 14:56:23', 1, 'admin', '2021-10-22 18:36:00'),
    ('基金会地址', 'lat14y6j0f2pep7zdgwp9kc00xu6t79kxst9j5qww2', 0, 25000000000000000000000000 , 0 , 1, 0, 1, 'admin', '2021-09-17 14:56:23', 1, 'admin', '2021-10-22 18:36:00'),
    ('基金会地址', 'lat14yzmq8l74lqjrj56ng5wd7k4udcqfzvzmu8ndm', 0, 25000000000000000000000000 , 0 , 1, 1, 1, 'admin', '2021-09-17 14:56:23', 1, 'admin', '2021-10-22 18:36:00'),
    ('基金会地址', 'lat150emuy8mjmsy0grwvgfgzhlycunat9kyjnj3es', 0, 25000000000000000000000000 , 0 , 1, 1, 1, 'admin', '2021-09-17 14:56:23', 1, 'admin', '2021-10-22 18:36:00'),
    ('基金会地址', 'lat15a5mk8uk9nxrpqegwcz9l9zv2t32akd6azqsv5', 0, 25000000000000000000000000 , 0 , 1, 1, 1, 'admin', '2021-09-17 14:56:23', 1, 'admin', '2021-10-22 18:36:00'),
    ('基金会地址', 'lat15eeuq785a8wtenvcq4yfhakyly5g0w7ueayprm', 0, 25000000000000000000000000 , 0 , 1, 1, 1, 'admin', '2021-09-17 14:56:23', 1, 'admin', '2021-10-22 18:36:00'),
    ('基金会地址', 'lat15fsw646a8frnw9mcru8ru3mr0adev0any0aprp', 0, 25000000000000000000000000 , 0 , 1, 1, 1, 'admin', '2021-09-17 14:56:23', 1, 'admin', '2021-10-22 18:36:00'),
    ('基金会地址', 'lat15jkw79xdq8rs4mrsvp0xy4nvu84swskpqv4qg3', 0, 25000000000000000000000000 , 0 , 1, 1, 1, 'admin', '2021-09-17 14:56:23', 1, 'admin', '2021-10-22 18:36:00'),
    ('基金会地址', 'lat15m06m395gg4py9tvfwzt23dl3g0skw0m3mksp8', 0, 25000000000000000000000000 , 0 , 1, 0, 1, 'admin', '2021-09-17 14:56:23', 1, 'admin', '2021-10-22 18:36:00'),
    ('基金会地址', 'lat162jfrs20zcdsydkywztznpy3vyjwmhm2x70cfq', 0, 25000000000000000000000000 , 0 , 1, 1, 1, 'admin', '2021-09-17 14:56:23', 1, 'admin', '2021-10-22 18:36:00'),
    ('基金会地址', 'lat16523tjl83vpasd2ahgjjr08v2f9hycm4sn4pnv', 0, 25000000000000000000000000 , 0 , 1, 1, 1, 'admin', '2021-09-17 14:56:23', 1, 'admin', '2021-10-22 18:36:00'),
    ('基金会地址', 'lat168hrpawv3a2svyh28wc0sljpfl9trgel2gh9g8', 0, 25000000000000000000000000 , 0 , 1, 1, 1, 'admin', '2021-09-17 14:56:23', 1, 'admin', '2021-10-22 18:36:00'),
    ('基金会地址', 'lat17dhpt4tgjtaec0tv9m3jyfq3y67s0vzuaj0tnt', 0, 25000000000000000000000000 , 0 , 1, 0, 1, 'admin', '2021-09-17 14:56:23', 1, 'admin', '2021-10-22 18:36:00'),
    ('基金会地址', 'lat17fat7x6mmekwwys4x45ff7s4sdpl0hdfyyalzr', 0, 25000000000000000000000000 , 0 , 1, 1, 1, 'admin', '2021-09-17 14:56:23', 1, 'admin', '2021-10-22 18:36:00'),
    ('基金会地址', 'lat17g2z63kc3yuc6xn4xfxgv3aaxpsu59v3p8vxe6', 0, 25000000000000000000000000 , 0 , 1, 1, 1, 'admin', '2021-09-17 14:56:23', 1, 'admin', '2021-10-22 18:36:00'),
    ('基金会地址', 'lat17l30cc93ny2u2vgwyzlu7f908637j6xepuewmr', 0, 25000000000000000000000000 , 0 , 1, 0, 1, 'admin', '2021-09-17 14:56:23', 1, 'admin', '2021-10-22 18:36:00'),
    ('基金会地址', 'lat188d8pqm9vxrfl7gkr86lvcp0ytjkxxvh7yh84a', 0, 25000000000000000000000000 , 0 , 1, 0, 1, 'admin', '2021-09-17 14:56:23', 1, 'admin', '2021-10-22 18:36:00'),
    ('基金会地址', 'lat18ecj0c3d4ykjfl0ypydhcnkwpp4wx5w5fnj5ej', 0, 25000000000000000000000000 , 0 , 1, 0, 1, 'admin', '2021-09-17 14:56:23', 1, 'admin', '2021-10-22 18:36:00'),
    ('基金会地址', 'lat18g8scdd2tmj3zxfxm2v0pylfu8y972r3wnxrlh', 0, 25000000000000000000000000 , 0 , 1, 1, 1, 'admin', '2021-09-17 14:56:23', 1, 'admin', '2021-10-22 18:36:00'),
    ('基金会地址', 'lat18gn8pgp2acqme80lfultdhj8z5pxkq9nfghnqg', 0, 25000000000000000000000000 , 0 , 1, 1, 1, 'admin', '2021-09-17 14:56:23', 1, 'admin', '2021-10-22 18:36:00'),
    ('基金会地址', 'lat18h4xvlkl79vg367jungtjtwjfh600cfl6gajtz', 0, 25000000000000000000000000 , 0 , 1, 1, 1, 'admin', '2021-09-17 14:56:23', 1, 'admin', '2021-10-22 18:36:00'),
    ('基金会地址', 'lat18pgyjmlml4wwywmetf3ekzjgg7ejqr43lxqr7r', 0, 25000000000000000000000000 , 0 , 1, 0, 1, 'admin', '2021-09-17 14:56:23', 1, 'admin', '2021-10-22 18:36:00'),
    ('基金会地址', 'lat18z7x69dxtp003fzjecnpmujvj9er4u4zslzteq', 0, 25000000000000000000000000 , 0 , 1, 0, 1, 'admin', '2021-09-17 14:56:23', 1, 'admin', '2021-10-22 18:36:00'),
    ('基金会地址', 'lat1936ulw380us2y3fnsjjzd3zm77efv9an6suaqg', 0, 25000000000000000000000000 , 0 , 1, 0, 1, 'admin', '2021-09-17 14:56:23', 1, 'admin', '2021-10-22 18:36:00'),
    ('基金会地址', 'lat199tnustlfecdvh578xdkly2gs66aafhen675ud', 0, 25000000000000000000000000 , 0 , 1, 1, 1, 'admin', '2021-09-17 14:56:23', 1, 'admin', '2021-10-22 18:36:00'),
    ('基金会地址', 'lat19cn87zn7yefy7jcswhmtfm5la87qws8m2r49y7', 0, 25000000000000000000000000 , 0 , 1, 1, 1, 'admin', '2021-09-17 14:56:23', 1, 'admin', '2021-10-22 18:36:00'),
    ('基金会地址', 'lat19kj4cq55h5t6ucydt072u70v7awt3cae9j47qc', 0, 25000000000000000000000000 , 0 , 1, 0, 1, 'admin', '2021-09-17 14:56:23', 1, 'admin', '2021-10-22 18:36:00'),
    ('基金会地址', 'lat19wcqu3xz4vgdvf0j0h0rlgtn6qfyrau086c2yy', 0, 25000000000000000000000000 , 0 , 1, 1, 1, 'admin', '2021-09-17 14:56:23', 1, 'admin', '2021-10-22 18:36:00'),
    ('基金会地址', 'lat19zjpzs5ktq7hzy20nht8knrkzkv6p3mpnaj4xg', 0, 25000000000000000000000000 , 0 , 1, 1, 1, 'admin', '2021-09-17 14:56:23', 1, 'admin', '2021-10-22 18:36:00'),
    ('基金会地址', 'lat1a5vy0wya8tx59qmd8strffu69exl9wpdzd9488', 0, 25000000000000000000000000 , 0 , 1, 1, 1, 'admin', '2021-09-17 14:56:23', 1, 'admin', '2021-10-22 18:36:00'),
    ('基金会地址', 'lat1a6emw63fx77s9kek8935x3lvmjhjqsm5hxrwa7', 0, 25000000000000000000000000 , 0 , 1, 1, 1, 'admin', '2021-09-17 14:56:23', 1, 'admin', '2021-10-22 18:36:00'),
    ('基金会地址', 'lat1ahrw99d3qrpwukqyqpzuj2hltd5mz3zawtmhxf', 0, 25000000000000000000000000 , 0 , 1, 1, 1, 'admin', '2021-09-17 14:56:23', 1, 'admin', '2021-10-22 18:36:00'),
    ('基金会地址', 'lat1aplhd6atmlkegguss0vnvjghw7w278ct84p2jk', 0, 25000000000000000000000000 , 0 , 1, 0, 1, 'admin', '2021-09-17 14:56:23', 1, 'admin', '2021-10-22 18:36:00'),
    ('基金会地址', 'lat1asswuprhutcy2s0qnh9n8pfu4pn5enwu23at4y', 0, 25000000000000000000000000 , 0 , 1, 1, 1, 'admin', '2021-09-17 14:56:23', 1, 'admin', '2021-10-22 18:36:00'),
    ('基金会地址', 'lat1c4ngt2m002etwth93w5x8ps4jusm64nyjeuk4w', 0, 25000000000000000000000000 , 0 , 1, 0, 1, 'admin', '2021-09-17 14:56:23', 1, 'admin', '2021-10-22 18:36:00'),
    ('基金会地址', 'lat1cl2g2av97julqjek6dgrs0pjl7r4lnl33k2psy', 0, 25000000000000000000000000 , 0 , 1, 0, 1, 'admin', '2021-09-17 14:56:23', 1, 'admin', '2021-10-22 18:36:00'),
    ('基金会地址', 'lat1d3tyuz7hsn9v3p53t9jrreax99cechzxfppfga', 0, 25000000000000000000000000 , 0 , 1, 1, 1, 'admin', '2021-09-17 14:56:23', 1, 'admin', '2021-10-22 18:36:00'),
    ('基金会地址', 'lat1ddml6kvtg980lke39na5kj2ps7n9x2wmkx5plf', 0, 25000000000000000000000000 , 0 , 1, 1, 1, 'admin', '2021-09-17 14:56:23', 1, 'admin', '2021-10-22 18:36:00'),
    ('基金会地址', 'lat1dhvrx2f89n7zjvrtz6haaknv856y8vu529zxxm', 0, 25000000000000000000000000 , 0 , 1, 0, 1, 'admin', '2021-09-17 14:56:23', 1, 'admin', '2021-10-22 18:36:00'),
    ('基金会地址', 'lat1drrqflqc3u8grg3cnz0mqddf54935usvgx0q4l', 0, 25000000000000000000000000 , 0 , 1, 0, 1, 'admin', '2021-09-17 14:56:23', 1, 'admin', '2021-10-22 18:36:00'),
    ('基金会地址', 'lat1dxhfg48u5pme0yuduafhfsvsfa9jwvazfl9exv', 0, 25000000000000000000000000 , 0 , 1, 1, 1, 'admin', '2021-09-17 14:56:23', 1, 'admin', '2021-10-22 18:36:00'),
    ('基金会地址', 'lat1edlrs545rxhyh6macjgjcra9v4t2lhtpqm2jut', 0, 25000000000000000000000000 , 0 , 1, 1, 1, 'admin', '2021-09-17 14:56:23', 1, 'admin', '2021-10-22 18:36:00'),
    ('基金会地址', 'lat1eg4s9fn28p96q6q9q9z0hjsyvvxr74aszr9tt0', 0, 25000000000000000000000000 , 0 , 1, 0, 1, 'admin', '2021-09-17 14:56:23', 1, 'admin', '2021-10-22 18:36:00'),
    ('基金会地址', 'lat1eh2zjfl5vzhqv2k5aqcd37ank69zm29z0vn0w9', 0, 25000000000000000000000000 , 0 , 1, 1, 1, 'admin', '2021-09-17 14:56:23', 1, 'admin', '2021-10-22 18:36:00'),
    ('基金会地址', 'lat1f447lwn2zcsqyav659nt4mfcqlgupe7c2qa8l6', 0, 25000000000000000000000000 , 0 , 1, 1, 1, 'admin', '2021-09-17 14:56:23', 1, 'admin', '2021-10-22 18:36:00'),
    ('基金会地址', 'lat1fapnz88gvxmhecnky3l8agul62ueqdr9e9nq2j', 0, 25000000000000000000000000 , 0 , 1, 1, 1, 'admin', '2021-09-17 14:56:23', 1, 'admin', '2021-10-22 18:36:00'),
    ('基金会地址', 'lat1fe40cq64m25lurx2z4qqzkv6cuplqph6a55f74', 0, 25000000000000000000000000 , 0 , 1, 1, 1, 'admin', '2021-09-17 14:56:23', 1, 'admin', '2021-10-22 18:36:00'),
    ('基金会地址', 'lat1flcqdd8jlm25lgdupxfuqmjagq3flqq2cmlq8r', 0, 25000000000000000000000000 , 0 , 1, 1, 1, 'admin', '2021-09-17 14:56:23', 1, 'admin', '2021-10-22 18:36:00'),
    ('基金会地址', 'lat1fq60h4mquy2ymlkn907v0kkxd8aynztz8a8y7g', 0, 25000000000000000000000000 , 0 , 1, 1, 1, 'admin', '2021-09-17 14:56:23', 1, 'admin', '2021-10-22 18:36:00'),
    ('基金会地址', 'lat1gs96p2sv2ul2qju4n282hr4q6t47kjryuchx75', 0, 25000000000000000000000000 , 0 , 1, 1, 1, 'admin', '2021-09-17 14:56:23', 1, 'admin', '2021-10-22 18:36:00'),
    ('基金会地址', 'lat1gwfzrsyv49h3eyckza7a0csen6x2vfvasesl40', 0, 25000000000000000000000000 , 0 , 1, 0, 1, 'admin', '2021-09-17 14:56:23', 1, 'admin', '2021-10-22 18:36:00'),
    ('基金会地址', 'lat1hafhckehu3q0mky53gwusg6s5tjt5na6ggzgc7', 0, 25000000000000000000000000 , 0 , 1, 0, 1, 'admin', '2021-09-17 14:56:23', 1, 'admin', '2021-10-22 18:36:00'),
    ('基金会地址', 'lat1huydaez2jzwydrswlz5f4u6guyjvslg8tuqecu', 0, 25000000000000000000000000 , 0 , 1, 1, 1, 'admin', '2021-09-17 14:56:23', 1, 'admin', '2021-10-22 18:36:00'),
    ('基金会地址', 'lat1jlaztrywtwyg8x0v2jwvgsvrr096dv3dactr7v', 0, 25000000000000000000000000 , 0 , 1, 0, 1, 'admin', '2021-09-17 14:56:23', 1, 'admin', '2021-10-22 18:36:00'),
    ('基金会地址', 'lat1k9yed44mqvgfcxvnzrdnfc73alztgnlce3d3y9', 0, 25000000000000000000000000 , 0 , 1, 0, 1, 'admin', '2021-09-17 14:56:23', 1, 'admin', '2021-10-22 18:36:00'),
    ('基金会地址', 'lat1kgy99g39l85nx2fyd85rz3u0r5qqln0lalp86x', 0, 25000000000000000000000000 , 0 , 1, 1, 1, 'admin', '2021-09-17 14:56:23', 1, 'admin', '2021-10-22 18:36:00'),
    ('基金会地址', 'lat1kszcq3g7e4mz0ud5y58xkurkzwe0mxjt3wa3qe', 0, 25000000000000000000000000 , 0 , 1, 1, 1, 'admin', '2021-09-17 14:56:23', 1, 'admin', '2021-10-22 18:36:00'),
    ('基金会地址', 'lat1kxd5r9d8cphna6q9h3nmedr073n2kzqkarg75w', 0, 25000000000000000000000000 , 0 , 1, 1, 1, 'admin', '2021-09-17 14:56:23', 1, 'admin', '2021-10-22 18:36:00'),
    ('基金会地址', 'lat1kxpsgrr96f0mg446ftsdvtg2a0tn62mzhe2kaz', 0, 25000000000000000000000000 , 0 , 1, 1, 1, 'admin', '2021-09-17 14:56:23', 1, 'admin', '2021-10-22 18:36:00'),
    ('基金会地址', 'lat1l5kxaefdwqd2qtdpfuwhzl2w4kc9kcne07w023', 0, 25000000000000000000000000 , 0 , 1, 1, 1, 'admin', '2021-09-17 14:56:23', 1, 'admin', '2021-10-22 18:36:00'),
    ('基金会地址', 'lat1l6hepj4gqvnl9thgjsslmc4d34wut5ud2kgfwv', 0, 25000000000000000000000000 , 0 , 1, 0, 1, 'admin', '2021-09-17 14:56:23', 1, 'admin', '2021-10-22 18:36:00'),
    ('基金会地址', 'lat1l8mulvx6v5mzp2ftuv609kzhywr6gn3m8ljy39', 0, 25000000000000000000000000 , 0 , 1, 1, 1, 'admin', '2021-09-17 14:56:23', 1, 'admin', '2021-10-22 18:36:00'),
    ('基金会地址', 'lat1le8389ha5vat7e2r7y7hmhyaxpwlsw0903xxpn', 0, 25000000000000000000000000 , 0 , 1, 1, 1, 'admin', '2021-09-17 14:56:23', 1, 'admin', '2021-10-22 18:36:00'),
    ('基金会地址', 'lat1lr2l8gy79cxsthk6pxlttt5c0ceqsxf2sa25s7', 0, 25000000000000000000000000 , 0 , 1, 0, 1, 'admin', '2021-09-17 14:56:23', 1, 'admin', '2021-10-22 18:36:00'),
    ('基金会地址', 'lat1lxkd2tpmmh9nr7z03s2e4lh0x655ln82cv64rv', 0, 25000000000000000000000000 , 0 , 1, 1, 1, 'admin', '2021-09-17 14:56:23', 1, 'admin', '2021-10-22 18:36:00'),
    ('基金会地址', 'lat1n33kmc69grtg3z0xgdr6x7j9xvu6s2sch9yk7x', 0, 25000000000000000000000000 , 0 , 1, 1, 1, 'admin', '2021-09-17 14:56:23', 1, 'admin', '2021-10-22 18:36:00'),
    ('基金会地址', 'lat1n5ggarwz5es0y3eyr4g5h777j45zxy205h0nn3', 0, 25000000000000000000000000 , 0 , 1, 0, 1, 'admin', '2021-09-17 14:56:23', 1, 'admin', '2021-10-22 18:36:00'),
    ('基金会地址', 'lat1nygn30kh9f78epeazzsn9nf2zc74n0pwd8cfee', 0, 25000000000000000000000000 , 0 , 1, 1, 1, 'admin', '2021-09-17 14:56:23', 1, 'admin', '2021-10-22 18:36:00'),
    ('基金会地址', 'lat1p9rmum06st0efl80tak3xujcap5x7gepzllmw4', 0, 25000000000000000000000000 , 0 , 1, 1, 1, 'admin', '2021-09-17 14:56:23', 1, 'admin', '2021-10-22 18:36:00'),
    ('基金会地址', 'lat1pd0guzq59a4k4cklkgapm57tv73ppnc2e2yu0f', 0, 25000000000000000000000000 , 0 , 1, 1, 1, 'admin', '2021-09-17 14:56:23', 1, 'admin', '2021-10-22 18:36:00'),
    ('基金会地址', 'lat1petpmcw8xgkf29d80farxd2urlzlur2x50wvfp', 0, 25000000000000000000000000 , 0 , 1, 1, 1, 'admin', '2021-09-17 14:56:23', 1, 'admin', '2021-10-22 18:36:00'),
    ('基金会地址', 'lat1pfgsfc9wyzegkae9eckgre4zuznkp004fw7emc', 0, 25000000000000000000000000 , 0 , 1, 1, 1, 'admin', '2021-09-17 14:56:23', 1, 'admin', '2021-10-22 18:36:00'),
    ('基金会地址', 'lat1pfwu59nquv5lrr2lv4vsg4tkncctw5sdcup7k2', 0, 25000000000000000000000000 , 0 , 1, 1, 1, 'admin', '2021-09-17 14:56:23', 1, 'admin', '2021-10-22 18:36:00'),
    ('基金会地址', 'lat1pxa45j092sql5nv40q528gjqkstrqyqjc0umh6', 0, 25000000000000000000000000 , 0 , 1, 1, 1, 'admin', '2021-09-17 14:56:23', 1, 'admin', '2021-10-22 18:36:00'),
    ('基金会地址', 'lat1q934lfswf8cdja20fdu9m727ys2agc4dt29vw8', 0, 25000000000000000000000000 , 0 , 1, 1, 1, 'admin', '2021-09-17 14:56:23', 1, 'admin', '2021-10-22 18:36:00'),
    ('基金会地址', 'lat1qj3r7urht5szg5ns6zncc3pe9wx2uheknls2p8', 0, 25000000000000000000000000 , 0 , 1, 1, 1, 'admin', '2021-09-17 14:56:23', 1, 'admin', '2021-10-22 18:36:00'),
    ('基金会地址', 'lat1qrvxfnvnp63eslcyue5jz9syms8g5ymmekfha2', 0, 25000000000000000000000000 , 0 , 1, 1, 1, 'admin', '2021-09-17 14:56:23', 1, 'admin', '2021-10-22 18:36:00'),
    ('基金会地址', 'lat1r2jy7e5r96cekdx85v5jlz4ug3ufrcacmj3xme', 0, 25000000000000000000000000 , 0 , 1, 1, 1, 'admin', '2021-09-17 14:56:23', 1, 'admin', '2021-10-22 18:36:00'),
    ('基金会地址', 'lat1rs30zme5px8vrylwd7eqqjk98z9867ysm9myp9', 0, 25000000000000000000000000 , 0 , 1, 1, 1, 'admin', '2021-09-17 14:56:23', 1, 'admin', '2021-10-22 18:36:00'),
    ('基金会地址', 'lat1ru25vdap4wm2w84ky20mw02p6z5w62zqyxva6z', 0, 25000000000000000000000000 , 0 , 1, 1, 1, 'admin', '2021-09-17 14:56:23', 1, 'admin', '2021-10-22 18:36:00'),
    ('基金会地址', 'lat1s2kshs362t4cy7rfhusmd2jc9rmhynhx6qxxp2', 0, 25000000000000000000000000 , 0 , 1, 1, 1, 'admin', '2021-09-17 14:56:23', 1, 'admin', '2021-10-22 18:36:00'),
    ('基金会地址', 'lat1sffe5k0kt492d7cfal35pzc9apamqfcj5j4765', 0, 25000000000000000000000000 , 0 , 1, 1, 1, 'admin', '2021-09-17 14:56:23', 1, 'admin', '2021-10-22 18:36:00'),
    ('基金会地址', 'lat1sfj2w6wtlg07uc9kv7u52xs87j9ryn70eufd5l', 0, 25000000000000000000000000 , 0 , 1, 1, 1, 'admin', '2021-09-17 14:56:23', 1, 'admin', '2021-10-22 18:36:00'),
    ('基金会地址', 'lat1sh7yx2qlgdd0rtv0gefsue82y52lek5m5ajved', 0, 25000000000000000000000000 , 0 , 1, 1, 1, 'admin', '2021-09-17 14:56:23', 1, 'admin', '2021-10-22 18:36:00'),
    ('基金会地址', 'lat1spea76ejq9u7f6yh5fy8z5rep3jwkdgeu6rftg', 0, 25000000000000000000000000 , 0 , 1, 0, 1, 'admin', '2021-09-17 14:56:23', 1, 'admin', '2021-10-22 18:36:00'),
    ('基金会地址', 'lat1sy03m6t6ysulzuhxkup8ccfgcjehnuf0r8f66p', 0, 25000000000000000000000000 , 0 , 1, 1, 1, 'admin', '2021-09-17 14:56:23', 1, 'admin', '2021-10-22 18:36:00'),
    ('基金会地址', 'lat1t06rv67625rcazs7k2uzkzhspp9h5hcjvvtp4r', 0, 25000000000000000000000000 , 0 , 1, 1, 1, 'admin', '2021-09-17 14:56:23', 1, 'admin', '2021-10-22 18:36:00'),
    ('基金会地址', 'lat1tpzcmflh0r3hauc23cqgd3mr4ps4shagm2d83p', 0, 25000000000000000000000000 , 0 , 1, 1, 1, 'admin', '2021-09-17 14:56:23', 1, 'admin', '2021-10-22 18:36:00'),
    ('基金会地址', 'lat1u073zkynnwkaypqry5aetsdy9nvjv9fscf2mvf', 0, 25000000000000000000000000 , 0 , 1, 1, 1, 'admin', '2021-09-17 14:56:23', 1, 'admin', '2021-10-22 18:36:00'),
    ('基金会地址', 'lat1u5rp84fjlpfe90cu3y7l5hrtgc0az0gstaz43t', 0, 25000000000000000000000000 , 0 , 1, 1, 1, 'admin', '2021-09-17 14:56:23', 1, 'admin', '2021-10-22 18:36:00'),
    ('基金会地址', 'lat1unkvtct85v3rr25w4n5w93ha7k8xsxsqyn8ypd', 0, 25000000000000000000000000 , 0 , 1, 0, 1, 'admin', '2021-09-17 14:56:23', 1, 'admin', '2021-10-22 18:36:00'),
    ('基金会地址', 'lat1ur4a33z4hkdtyghdmjlxxzdunhgteq9e85987p', 0, 25000000000000000000000000 , 0 , 1, 1, 1, 'admin', '2021-09-17 14:56:23', 1, 'admin', '2021-10-22 18:36:00'),
    ('基金会地址', 'lat1uutyc5nkxyd8uesyrfvpdyd32l7jjcqr5w3l6w', 0, 25000000000000000000000000 , 0 , 1, 1, 1, 'admin', '2021-09-17 14:56:23', 1, 'admin', '2021-10-22 18:36:00'),
    ('基金会地址', 'lat1uwqs24lv8fk6gemk234duvmftzh8js95fjflel', 0, 25000000000000000000000000 , 0 , 1, 1, 1, 'admin', '2021-09-17 14:56:23', 1, 'admin', '2021-10-22 18:36:00'),
    ('基金会地址', 'lat1vced3ewmxm9lr5pgxgp3qmlnwx6hk4k43v2dx0', 0, 25000000000000000000000000 , 0 , 1, 1, 1, 'admin', '2021-09-17 14:56:23', 1, 'admin', '2021-10-22 18:36:00'),
    ('基金会地址', 'lat1vy763wc2y55wyuhd65ck0y09ajdzxjv5hfhpsr', 0, 25000000000000000000000000 , 0 , 1, 1, 1, 'admin', '2021-09-17 14:56:23', 1, 'admin', '2021-10-22 18:36:00'),
    ('基金会地址', 'lat1w4s2sstdy5p4hlvlpw5y8t9g5admnmjtep3dpw', 0, 25000000000000000000000000 , 0 , 1, 1, 1, 'admin', '2021-09-17 14:56:23', 1, 'admin', '2021-10-22 18:36:00'),
    ('基金会地址', 'lat1w6yg8z36lxj9ss7m8v7znfs0y385vnm0uchlln', 0, 25000000000000000000000000 , 0 , 1, 1, 1, 'admin', '2021-09-17 14:56:23', 1, 'admin', '2021-10-22 18:36:00'),
    ('基金会地址', 'lat1whwaysc232lfyws7z4gxlvmnsndhh5sgwqg33g', 0, 25000000000000000000000000 , 0 , 1, 1, 1, 'admin', '2021-09-17 14:56:23', 1, 'admin', '2021-10-22 18:36:00'),
    ('基金会地址', 'lat1wrvr7lp5hhnfxz0xcmjlr3jmeez6676jhjjlwg', 0, 25000000000000000000000000 , 0 , 1, 1, 1, 'admin', '2021-09-17 14:56:23', 1, 'admin', '2021-10-22 18:36:00'),
    ('基金会地址', 'lat1wu4ng9ynaf59wgprzphhw88ty0wcwx8442x3hh', 0, 25000000000000000000000000 , 0 , 1, 1, 1, 'admin', '2021-09-17 14:56:23', 1, 'admin', '2021-10-22 18:36:00'),
    ('基金会地址', 'lat1x25q2q0cjt2a3pd0l79gw3hzdn6hfen2wrk06u', 0, 25000000000000000000000000 , 0 , 1, 1, 1, 'admin', '2021-09-17 14:56:23', 1, 'admin', '2021-10-22 18:36:00'),
    ('基金会地址', 'lat1xnnnshzr75mgm3mzpjdp9whjwazefaeqln22z0', 0, 25000000000000000000000000 , 0 , 1, 1, 1, 'admin', '2021-09-17 14:56:23', 1, 'admin', '2021-10-22 18:36:00'),
    ('基金会地址', 'lat1xr0nd50rsynuf5pwqtm7jga0cycwwaaukurvxd', 0, 25000000000000000000000000 , 0 , 1, 0, 1, 'admin', '2021-09-17 14:56:23', 1, 'admin', '2021-10-22 18:36:00'),
    ('基金会地址', 'lat1xw96q6uuhnumvca3ptqjdyw3rd30aggf9mvd6t', 0, 25000000000000000000000000 , 0 , 1, 1, 1, 'admin', '2021-09-17 14:56:23', 1, 'admin', '2021-10-22 18:36:00'),
    ('基金会地址', 'lat1xzyzwdc48l7pnsvlfr57mun0s34vfjxxkcl5qg', 0, 25000000000000000000000000 , 0 , 1, 1, 1, 'admin', '2021-09-17 14:56:23', 1, 'admin', '2021-10-22 18:36:00'),
    ('基金会地址', 'lat1yanmx4dpr57ytt67yp8ltn28pwv0g8e9259p04', 0, 25000000000000000000000000 , 0 , 1, 0, 1, 'admin', '2021-09-17 14:56:23', 1, 'admin', '2021-10-22 18:36:00'),
    ('基金会地址', 'lat1yc7m4nw0td37v0cf0hd04hjd3vgmkvywx4whkm', 0, 25000000000000000000000000 , 0 , 1, 1, 1, 'admin', '2021-09-17 14:56:23', 1, 'admin', '2021-10-22 18:36:00'),
    ('基金会地址', 'lat1yrvffu2k4z5s3js2aphqzdr62k8jgz4werj6q6', 0, 25000000000000000000000000 , 0 , 1, 0, 1, 'admin', '2021-09-17 14:56:23', 1, 'admin', '2021-10-22 18:36:00'),
    ('基金会地址', 'lat1z9c82mc3emhuvl9fqaunvl8u592jt5nu8jds65', 0, 25000000000000000000000000 , 0 , 1, 1, 1, 'admin', '2021-09-17 14:56:23', 1, 'admin', '2021-10-22 18:36:00'),
    ('基金会地址', 'lat1zfnpcquycjm8kr9cmqcmw5tzku0flvnhf2z5yk', 0, 25000000000000000000000000 , 0 , 1, 1, 1, 'admin', '2021-09-17 14:56:23', 1, 'admin', '2021-10-22 18:36:00'),
    ('基金会地址', 'lat1zhpe35sffez7ndqjmk9s8v8au0n52g38cexmld', 0, 25000000000000000000000000 , 0 , 1, 0, 1, 'admin', '2021-09-17 14:56:23', 1, 'admin', '2021-10-22 18:36:00'),
    ('基金会地址', 'lat1zkfv8npu3lmp009kjx4jhkwqthkwpf38rsy35t', 0, 25000000000000000000000000 , 0 , 1, 1, 1, 'admin', '2021-09-17 14:56:23', 1, 'admin', '2021-10-22 18:36:00'),
    ('基金会地址', 'lat1zm0jpxwgk20wqmct5ydjwaf9ryqjlw59yt0tzu', 0, 25000000000000000000000000 , 0 , 1, 0, 1, 'admin', '2021-09-17 14:56:23', 1, 'admin', '2021-10-22 18:36:00'),
    ('基金会地址', 'lat1zv2xhyucx6f6x786revg2vlrvn9fj5p8xn76gk', 0, 25000000000000000000000000 , 0 , 1, 1, 1, 'admin', '2021-09-17 14:56:23', 1, 'admin', '2021-10-22 18:36:00'),
    ('基金会地址', 'lat1zy206g7ssk0928y4dmxn8zvk6demgymeftxjgg', 0, 25000000000000000000000000 , 0 , 1, 1, 1, 'admin', '2021-09-17 14:56:23', 1, 'admin', '2021-10-22 18:36:00'),
    ('基金会地址', 'lat197rsaxfmepuxzf7gnga3fg9hnvgnqskhrvqjke', 0, 20000000000000000000000000 , 0 , 1, 1, 1, 'admin', '2021-09-17 14:56:23', 1, 'admin', '2021-10-22 18:36:00'),
    ('基金会地址', 'lat13w9ra54dv68j9u4u0v35slppm0vyang3q74wra', 0, 19999999999790000000000000, 0 , 1, 1, 1, 'admin', '2021-09-17 14:56:23', 1, 'admin', '2021-10-22 18:36:00'),
    ('基金会地址', 'lat1jp7k25z2ce4r5fwmjxw2slvsfz3ujr2f8jtarm', 0, 15754597177064500000000000.0000000 , 0 , 1, 1, 1, 'admin', '2021-09-17 14:56:23', 1, 'admin', '2021-10-22 18:36:00'),
    ('基金会地址', 'lat1jmrvda85jaeyy6sgjp0hldfrj5zz3ewt5rw4lj', 0, 15000000000000000000000000 , 10000000000000000000000000 , 1, 1, 1, 'admin', '2021-09-17 14:56:23', 1, 'admin', '2021-10-22 18:36:00'),
    ('基金会地址', 'lat15d8gkunac0t2np8sp9t7q000a4csh9aakfsenn', 0, 10000000999580000000000000, 0 , 1, 1, 1, 'admin', '2021-09-17 14:56:23', 1, 'admin', '2021-10-22 18:36:00'),
    ('基金会地址', 'lat1jtjls8kxzpsajnwmk8dwn3pu48z7wcnpfyckkn', 0, 10000000999580000000000000, 0 , 1, 1, 1, 'admin', '2021-09-17 14:56:23', 1, 'admin', '2021-10-22 18:36:00'),
    ('基金会地址', 'lat1l4mkw424yjqrjm20wre5ft0pgsvltwaqla4du8', 0, 10000000999370000000000000, 0 , 1, 1, 1, 'admin', '2021-09-17 14:56:23', 1, 'admin', '2021-10-22 18:36:00'),
    ('基金会地址', 'lat1cgwlcrrnfd3drwukugrnwqspm4fvhayvrcf6sa', 0, 10000000998950000000000000, 0 , 1, 1, 1, 'admin', '2021-09-17 14:56:23', 1, 'admin', '2021-10-22 18:36:00'),
    ('基金会地址', 'lat13689njpuu5hmzg44clj35u3qchy4mhvffmpsxa', 0, 10000000000000000000000000 , 15000000000000000000000000 , 1, 1, 1, 'admin', '2021-09-17 14:56:23', 1, 'admin', '2021-10-22 18:36:00'),
    ('基金会地址', 'lat19qk283j40rvkfe8cmzapegmf94dnvjt33t7slz', 0, 10000000000000000000000000 , 15000000000000000000000000 , 1, 1, 1, 'admin', '2021-09-17 14:56:23', 1, 'admin', '2021-10-22 18:36:00'),
    ('基金会地址', 'lat12a4muauxk0rq2k8dts9asf3w3rzgrvx2u9p76x', 0, 10000000000000000000000000 , 0 , 1, 1, 1, 'admin', '2021-09-17 14:56:23', 1, 'admin', '2021-10-22 18:36:00'),
    ('基金会地址', 'lat12ud3xsxrmkppz6sw5ps4fuqfmgweewe54dn75a', 0, 10000000000000000000000000 , 0 , 1, 1, 1, 'admin', '2021-09-17 14:56:23', 1, 'admin', '2021-10-22 18:36:00'),
    ('基金会地址', 'lat16etp0c75fj4nw72ske3926t80j8s0yhqgf5kml', 0, 10000000000000000000000000 , 0 , 1, 1, 1, 'admin', '2021-09-17 14:56:23', 1, 'admin', '2021-10-22 18:36:00'),
    ('基金会地址', 'lat16wn9jhtkf7f34ekhuhncm788px5v3tugqglktd', 0, 10000000000000000000000000 , 0 , 1, 1, 1, 'admin', '2021-09-17 14:56:23', 1, 'admin', '2021-10-22 18:36:00'),
    ('基金会地址', 'lat18h90mzwa8fg2x6cgc00nq3d89fz64whm2j58d9', 0, 10000000000000000000000000 , 0 , 1, 1, 1, 'admin', '2021-09-17 14:56:23', 1, 'admin', '2021-10-22 18:36:00'),
    ('基金会地址', 'lat19332vj7q866zgjmkemn9k4r0hn0gp4p2mvwngn', 0, 10000000000000000000000000 , 0 , 1, 1, 1, 'admin', '2021-09-17 14:56:23', 1, 'admin', '2021-10-22 18:36:00'),
    ('基金会地址', 'lat194uklqdxqhcdar64yv3fcmrqev3u2a99lue5gs', 0, 10000000000000000000000000 , 0 , 1, 1, 1, 'admin', '2021-09-17 14:56:23', 1, 'admin', '2021-10-22 18:36:00'),
    ('基金会地址', 'lat19f4qt9crh7wxxe27x69mgjd6764wzgx5swlqlk', 0, 10000000000000000000000000 , 0 , 1, 1, 1, 'admin', '2021-09-17 14:56:23', 1, 'admin', '2021-10-22 18:36:00'),
    ('基金会地址', 'lat1aj0jumn8wce7w46ry8ndu0jggqsg8sxl235u0l', 0, 10000000000000000000000000 , 0 , 1, 1, 1, 'admin', '2021-09-17 14:56:23', 1, 'admin', '2021-10-22 18:36:00'),
    ('基金会地址', 'lat1aphqnagwv9hm89yvtjpwl4lj3terk3j5784at4', 0, 10000000000000000000000000 , 0 , 1, 1, 1, 'admin', '2021-09-17 14:56:23', 1, 'admin', '2021-10-22 18:36:00'),
    ('基金会地址', 'lat1aw9xpqvh4pv5psgnjh76hvz8kgp04nstls5nek', 0, 10000000000000000000000000 , 0 , 1, 1, 1, 'admin', '2021-09-17 14:56:23', 1, 'admin', '2021-10-22 18:36:00'),
    ('基金会地址', 'lat1ax2pe9nmvljc7kadkmd8xd3tk89t3hc6fdrvas', 0, 10000000000000000000000000 , 0 , 1, 1, 1, 'admin', '2021-09-17 14:56:23', 1, 'admin', '2021-10-22 18:36:00'),
    ('基金会地址', 'lat1c9s987cxc4euhztfjc57ldk7l6v4narsmmjvna', 0, 10000000000000000000000000 , 0 , 1, 1, 1, 'admin', '2021-09-17 14:56:23', 1, 'admin', '2021-10-22 18:36:00'),
    ('基金会地址', 'lat1d60870p2d88sapk5cqlpxqw0jvrdvdg7ut3leh', 0, 10000000000000000000000000 , 0 , 1, 1, 1, 'admin', '2021-09-17 14:56:23', 1, 'admin', '2021-10-22 18:36:00'),
    ('基金会地址', 'lat1gxvguy52tj0azmlny4l0gh9hykcjv7rad4zhxy', 0, 10000000000000000000000000 , 0 , 1, 1, 1, 'admin', '2021-09-17 14:56:23', 1, 'admin', '2021-10-22 18:36:00'),
    ('基金会地址', 'lat1j4sznr295j4pw5r56fkhnczc82cfuc3ndfj9re', 0, 10000000000000000000000000 , 0 , 1, 1, 1, 'admin', '2021-09-17 14:56:23', 1, 'admin', '2021-10-22 18:36:00'),
    ('基金会地址', 'lat1kfp59h2amwtgxcks6jna3mgpweeplp79mqg7c4', 0, 10000000000000000000000000 , 0 , 1, 1, 1, 'admin', '2021-09-17 14:56:23', 1, 'admin', '2021-10-22 18:36:00'),
    ('基金会地址', 'lat1kjm8uem2v4kw4wkdlj0gua7za3p3r2xclnjngx', 0, 10000000000000000000000000 , 0 , 1, 1, 1, 'admin', '2021-09-17 14:56:23', 1, 'admin', '2021-10-22 18:36:00'),
    ('基金会地址', 'lat1kzvm5cjfrrkuy6ad849g0u5r6nmgg76efrq2ks', 0, 10000000000000000000000000 , 0 , 1, 1, 1, 'admin', '2021-09-17 14:56:23', 1, 'admin', '2021-10-22 18:36:00'),
    ('基金会地址', 'lat1lpnxm32gclt0jsgl2av7euq8tpj5sh8nrt9r2f', 0, 10000000000000000000000000 , 0 , 1, 1, 1, 'admin', '2021-09-17 14:56:23', 1, 'admin', '2021-10-22 18:36:00'),
    ('基金会地址', 'lat1qgw93pa36gvzfs7pq4zutgd3x8c4jfgnzh5a3j', 0, 10000000000000000000000000 , 0 , 1, 1, 1, 'admin', '2021-09-17 14:56:23', 1, 'admin', '2021-10-22 18:36:00'),
    ('基金会地址', 'lat1r90u6kuvz9jufedjhxs6d0mrf6mlusq0vyczcz', 0, 10000000000000000000000000 , 0 , 1, 1, 1, 'admin', '2021-09-17 14:56:23', 1, 'admin', '2021-10-22 18:36:00'),
    ('基金会地址', 'lat1r9lq4a96c68zuyvfpqmhfmtusdl8qfeqj7fgqx', 0, 10000000000000000000000000 , 0 , 1, 1, 1, 'admin', '2021-09-17 14:56:23', 1, 'admin', '2021-10-22 18:36:00'),
    ('基金会地址', 'lat1rvqa4xaa3jzsukzq68haj5ccyt39ackm4cly7s', 0, 10000000000000000000000000 , 0 , 1, 1, 1, 'admin', '2021-09-17 14:56:23', 1, 'admin', '2021-10-22 18:36:00'),
    ('基金会地址', 'lat1skz3hu7l0r5mpufy58hlvkzhe96p358y23xxks', 0, 10000000000000000000000000 , 0 , 1, 1, 1, 'admin', '2021-09-17 14:56:23', 1, 'admin', '2021-10-22 18:36:00'),
    ('基金会地址', 'lat1vgzywhds0lc7y4ecc4zxuptugkr2z5ezt60pp7', 0, 10000000000000000000000000 , 0 , 1, 1, 1, 'admin', '2021-09-17 14:56:23', 1, 'admin', '2021-10-22 18:36:00'),
    ('基金会地址', 'lat1yrmcl3pthv3646ewn7seclhry9jdx7fkus2f60', 0, 10000000000000000000000000 , 0 , 1, 1, 1, 'admin', '2021-09-17 14:56:23', 1, 'admin', '2021-10-22 18:36:00'),
    ('基金会地址', 'lat1ssg42rsf7cp2q79udu370jc4wj9urr8t7s09rp', 0, 9999999999790000000000000 , 0 , 1, 1, 1, 'admin', '2021-09-17 14:56:23', 1, 'admin', '2021-10-22 18:36:00'),
    ('基金会地址', 'lat1j7rrxuqvf37aca2mv5n4jmjk3vv27rxplfxc9s', 0, 9999998000000000000000000 , 0 , 1, 1, 1, 'admin', '2021-09-17 14:56:23', 1, 'admin', '2021-10-22 18:36:00'),
    ('基金会地址', 'lat1x6vmxv3nm4khfq9x5kta295kzkmr768pd4n5mp', 0, 9999998000000000000000000 , 0 , 1, 1, 1, 'admin', '2021-09-17 14:56:23', 1, 'admin', '2021-10-22 18:36:00'),
    ('基金会地址', 'lat1smvwnq3gzgnwvj44ythtvd6kp6c4txgeykgh8f', 0, 9999995000000000000000000 , 0 , 1, 1, 1, 'admin', '2021-09-17 14:56:23', 1, 'admin', '2021-10-22 18:36:00'),
    ('基金会地址', 'lat1hwuuea8a7asfzum0k3fkmdwn5zsnq8rh45g5n3', 0, 7999999999790000000000000 , 0 , 1, 1, 1, 'admin', '2021-09-17 14:56:23', 1, 'admin', '2021-10-22 18:36:00'),
    ('基金会地址', 'lat1qkw8h6tmnk8c3w7uqkeyp9ap4ue08yyy5wyqa8', 0, 6996098829790000000000000 , 0 , 1, 1, 1, 'admin', '2021-09-17 14:56:23', 1, 'admin', '2021-10-22 18:36:00'),
    ('基金会地址', 'lat1mdyzlr2egq7d33cv23fph28sqeaka76p5tyhpz', 0, 6282694999580000000000000 , 0 , 1, 1, 1, 'admin', '2021-09-17 14:56:23', 1, 'admin', '2021-10-22 18:36:00'),
    ('基金会地址', 'lat1pqgr3q3w7f6s9gm9vlt3438n8kzr3gk0j8gv9f', 0, 4999999999580000000000000 , 0 , 1, 1, 1, 'admin', '2021-09-17 14:56:23', 1, 'admin', '2021-10-22 18:36:00'),
    ('基金会地址', 'lat1hemx29p20fnlkkjhp2x48njtwcugf3fhfqxsnx', 0, 4806069909592170805000000 , 0 , 1, 1, 1, 'admin', '2021-09-17 14:56:23', 1, 'admin', '2021-10-22 18:36:00'),
    ('基金会地址', 'lat1270ucdmjg33gam62ze9rt952gwzdle30f26rcc', 0, 3799988995701548000000000 , 0 , 1, 1, 1, 'admin', '2021-09-17 14:56:23', 1, 'admin', '2021-10-22 18:36:00'),
    ('基金会地址', 'lat1s9xfd4634w0ca4zprc5xcxluq8gguh5r8ks352', 0, 3333332000000000000000000 , 21666668000000000000000000 , 1, 1, 1, 'admin', '2021-09-17 14:56:23', 1, 'admin', '2021-10-22 18:36:00'),
    ('基金会地址', 'lat120tzxl3zps7gftszye2x06dzgpdwn9kcp6yk4s', 0, 2777778000000000000000000 , 22222222000000000000000000 , 1, 1, 1, 'admin', '2021-09-17 14:56:23', 1, 'admin', '2021-10-22 18:36:00'),
    ('基金会地址', 'lat166d9qmjpjtp09f7jvtgqpu5swxcezc7lgnn8ff', 0, 2777778000000000000000000 , 22222222000000000000000000 , 1, 1, 1, 'admin', '2021-09-17 14:56:23', 1, 'admin', '2021-10-22 18:36:00'),
    ('基金会地址', 'lat1fcw75sj438mrjxxux9trx85awdv4xs4ha8xmn0', 0, 2777778000000000000000000 , 22222222000000000000000000 , 1, 1, 1, 'admin', '2021-09-17 14:56:23', 1, 'admin', '2021-10-22 18:36:00'),
    ('基金会地址', 'lat1xs5n48hry95rw8y0q4yh3jffzmawe2w7nh8f28', 0, 2777778000000000000000000 , 22222222000000000000000000 , 1, 1, 1, 'admin', '2021-09-17 14:56:23', 1, 'admin', '2021-10-22 18:36:00'),
    ('基金会地址', 'lat1c7hxvk2kc25ducpradzt4xep8yy3lawtl0l6fg', 0, 2500000000000000000000000 , 0 , 1, 1, 1, 'admin', '2021-09-17 14:56:23', 1, 'admin', '2021-10-22 18:36:00'),
    ('基金会地址', 'lat1n3qxtasdetkhyxrfjya9qlwvrlm3vp9t7t95wj', 0, 2500000000000000000000000 , 0 , 1, 1, 1, 'admin', '2021-09-17 14:56:23', 1, 'admin', '2021-10-22 18:36:00'),
    ('基金会地址', 'lat1n6s6e26jlycrcd0fc4y5k9nlsx6mvhzelugtyn', 0, 2500000000000000000000000 , 0 , 1, 1, 1, 'admin', '2021-09-17 14:56:23', 1, 'admin', '2021-10-22 18:36:00'),
    ('基金会地址', 'lat1tdxvh2kcsk68ztulucsw4cqqrkggx0k5r0yfw4', 0, 2500000000000000000000000 , 0 , 1, 1, 1, 'admin', '2021-09-17 14:56:23', 1, 'admin', '2021-10-22 18:36:00'),
    ('基金会地址', 'lat1sy6kxgpfgx7axrl86a368mj6r6fnagctqem69g', 0, 1540845591186871428000000, 0 , 1, 1, 1, 'admin', '2021-09-17 14:56:23', 1, 'admin', '2021-10-22 18:36:00'),
    ('基金会地址', 'lat1wqq9qmdf226lnujt2rxathh73g50er46nps8g4', 0, 691360646213529796000000, 3500000000000000000000 , 1, 1, 1, 'admin', '2021-09-17 14:56:23', 1, 'admin', '2021-10-22 18:36:00'),
    ('基金会地址', 'lat19v20g40tkyzzjuu0ln9a73wfs9d7k3e805d2t4', 0, 490778756626141000010000, 0 , 1, 1, 1, 'admin', '2021-09-17 14:56:23', 1, 'admin', '2021-10-22 18:36:00'),
    ('基金会地址', 'lat1jwxyyrtc7vw3lm7kqd8dmtkr0vl49n9fqfdp58', 0, 359999999539872000000000, 0 , 1, 1, 1, 'admin', '2021-09-17 14:56:23', 1, 'admin', '2021-10-22 18:36:00'),
    ('基金会地址', 'lat1vkkg7gfrwku8krxt5rp0s3xvg6xe6x6jvc87ln', 0, 311023000000000000000000 , 0 , 1, 1, 1, 'admin', '2021-09-17 14:56:23', 1, 'admin', '2021-10-22 18:36:00'),
    ('基金会地址', 'lat16awd30czy9qm3c5wkry3tcegh6sldp9xtfwj8z', 0, 96697209874000000000000, 0 , 1, 1, 1, 'admin', '2021-09-17 14:56:23', 1, 'admin', '2021-10-22 18:36:00'),
    ('基金会地址', 'lat17k63pdxklr235wlepkmp8gnwe8eqte2csphgv3', 0, 70699980445535956700000, 1600000000000000000000 , 1, 1, 1, 'admin', '2021-09-17 14:56:23', 1, 'admin', '2021-10-22 18:36:00'),
    ('基金会地址', 'lat1pr4cjg3lxvxrfshhz466hym0es9vuzxau6g2ah', 0, 9999158110000000000, 0 , 1, 1, 1, 'admin', '2021-09-17 14:56:23', 1, 'admin', '2021-10-22 18:36:00'),
    ('基金会地址', 'lat10j5z6hc7rdgxe28hcfd95cvppckpescngl6585', 0, 999580000000000000, 0 , 1, 1, 1, 'admin', '2021-09-17 14:56:23', 1, 'admin', '2021-10-22 18:36:00'),
    ('基金会地址', 'lat1rhzpyvsluv53t9wdrxc9qj748xrn99nmkdf923', 0, 999580000000000000, 0 , 1, 1, 1, 'admin', '2021-09-17 14:56:23', 1, 'admin', '2021-10-22 18:36:00'),
    ('基金会地址', 'lat1d2xtd93p2hcdg6xcr3km9rq7n63x9syhwtav2x', 0, 999370000000000000, 0 , 1, 1, 1, 'admin', '2021-09-17 14:56:23', 1, 'admin', '2021-10-22 18:36:00'),
    ('基金会地址', 'lat1rmgye55r3kd4sl3hdl0z8q6zffl9fmjxjwm4za', 0, 999370000000000000, 0 , 1, 1, 1, 'admin', '2021-09-17 14:56:23', 1, 'admin', '2021-10-22 18:36:00'),
    ('基金会地址', 'lat1szukyhxgqswulshjrq8tg4xg4ttnes5pll2v6w', 0, 999370000000000000, 0 , 1, 1, 1, 'admin', '2021-09-17 14:56:23', 1, 'admin', '2021-10-22 18:36:00'),
    ('基金会地址', 'lat1t6ehmapgqv9rgezu04a34trpv6v3qham037hha', 0, 999370000000000000, 0 , 1, 1, 1, 'admin', '2021-09-17 14:56:23', 1, 'admin', '2021-10-22 18:36:00'),
    ('基金会地址', 'lat1tjpwq6nv5dwlngte8aau97rktmzplv2fd87wdf', 0, 999370000000000000, 0 , 1, 1, 1, 'admin', '2021-09-17 14:56:23', 1, 'admin', '2021-10-22 18:36:00'),
    ('基金会地址', 'lat12w4aknry8eukpsvhjw2s0eyk54slpe2s47lcva', 0, 998950000000000000, 0 , 1, 1, 1, 'admin', '2021-09-17 14:56:23', 1, 'admin', '2021-10-22 18:36:00'),
    ('基金会地址', 'lat16qxmm8gsun5xpcw7nwhhng2jd6lt2x3th3k7rf', 0, 998950000000000000, 0 , 1, 1, 1, 'admin', '2021-09-17 14:56:23', 1, 'admin', '2021-10-22 18:36:00'),
    ('基金会地址', 'lat1uglrz2hmuj6kp3cat2qttfn7dlx6yfg50awhsy', 0, 998950000000000000, 0 , 1, 1, 1, 'admin', '2021-09-17 14:56:23', 1, 'admin', '2021-10-22 18:36:00'),
    ('基金会地址', 'lat1v8ja7e5lltyuvk3r75xyjjmeqhrnhxj9v7388y', 0, 998950000000000000, 0 , 1, 1, 1, 'admin', '2021-09-17 14:56:23', 1, 'admin', '2021-10-22 18:36:00'),
    ('基金会地址', 'lat1phuz2lne72zfn67kwaxx3pnzqr64uclcl0exc8', 0, 989160000000000000, 0 , 1, 1, 1, 'admin', '2021-09-17 14:56:23', 1, 'admin', '2021-10-22 18:36:00'),
    ('基金会地址', 'lat108afqanyefa559sk73ea5nj3lw207d5d4c73mn', 0, 99580000000000000, 0 , 1, 1, 1, 'admin', '2021-09-17 14:56:23', 1, 'admin', '2021-10-22 18:36:00'),
    ('基金会地址', 'lat1es2lk6d4wg5revtypuqxyh7qlv8w0l6luhevdy', 0, 99370000000000000, 0 , 1, 1, 1, 'admin', '2021-09-17 14:56:23', 1, 'admin', '2021-10-22 18:36:00'),
    ('基金会地址', 'lat1jnve07680er7dwjzdujtz8zzctlvur0jcvm96s', 0, 9790000000000000, 0 , 1, 1, 1, 'admin', '2021-09-17 14:56:23', 1, 'admin', '2021-10-22 18:36:00'),
    ('基金会地址', 'lat17l8vxa5yexagvu06g7h8ugaaqgtfzkukpayjfg', 0, 9580000000000000, 0 , 1, 1, 1, 'admin', '2021-09-17 14:56:23', 1, 'admin', '2021-10-22 18:36:00'),
    ('基金会地址', 'lat18htch9ktgff3vd8fuua6wc8c5wrdpytpr07w7w', 0, 9580000000000000, 0 , 1, 1, 1, 'admin', '2021-09-17 14:56:23', 1, 'admin', '2021-10-22 18:36:00'),
    ('基金会地址', 'lat1pqy0ej206dlmqxwr532d2pw7f9yfeg44ep5k3q', 0, 9580000000000000, 0 , 1, 1, 1, 'admin', '2021-09-17 14:56:23', 1, 'admin', '2021-10-22 18:36:00'),
    ('基金会地址', 'lat1d6p7uxmgajk476p2jm89h23j3yfd0wk5caxftm', 0, 9370000000000000, 0 , 1, 1, 1, 'admin', '2021-09-17 14:56:23', 1, 'admin', '2021-10-22 18:36:00'),
    ('基金会地址', 'lat13rkcfqgv0p08jdgv23hemkung6sgjyfje0mrmv', 0, 8740000000000000, 0 , 1, 1, 1, 'admin', '2021-09-17 14:56:23', 1, 'admin', '2021-10-22 18:36:00'),
    ('基金会地址', 'lat1khdqnn0m9tyddppt0894kx8kss292y88rz4gah', 0, 4000000000, 0 , 1, 1, 1, 'admin', '2021-09-17 14:56:23', 1, 'admin', '2021-10-22 18:36:00'),
    ('基金会地址', 'lat102mudpj42eu47h0955xjvaztm9kuewjxrqlp0x', 0, 0 , 25000000000000000000000000 , 1, 1, 1, 'admin', '2021-09-17 14:56:23', 1, 'admin', '2021-10-22 18:36:00'),
    ('基金会地址', 'lat10s2sj7c2t84r3sjp4ng8jcmpen88hehx3465d5', 0, 0 , 25000000000000000000000000 , 1, 1, 1, 'admin', '2021-09-17 14:56:23', 1, 'admin', '2021-10-22 18:36:00'),
    ('基金会地址', 'lat10vqg3zcsl2fm2nev5vdg5xnl2m5eqvh347eqst', 0, 0 , 25000000000000000000000000 , 1, 1, 1, 'admin', '2021-09-17 14:56:23', 1, 'admin', '2021-10-22 18:36:00'),
    ('基金会地址', 'lat124e8x04erkev7mgj7z7cuz42cty067ljmlxf3m', 0, 0 , 25000000000000000000000000 , 1, 1, 1, 'admin', '2021-09-17 14:56:23', 1, 'admin', '2021-10-22 18:36:00'),
    ('基金会地址', 'lat12n6pyu3dm9020hhjc9kcwl00ltxmdy0hmzygs4', 0, 0 , 25000000000000000000000000 , 1, 1, 1, 'admin', '2021-09-17 14:56:23', 1, 'admin', '2021-10-22 18:36:00'),
    ('基金会地址', 'lat12rxfecgyz56av2qyva87nkj34n0fwyau559pqn', 0, 0 , 25000000000000000000000000 , 1, 1, 1, 'admin', '2021-09-17 14:56:23', 1, 'admin', '2021-10-22 18:36:00'),
    ('基金会地址', 'lat12s9947rfufqhhlwfxhr2rmmegnjp53d8k63yh0', 0, 0 , 25000000000000000000000000 , 1, 1, 1, 'admin', '2021-09-17 14:56:23', 1, 'admin', '2021-10-22 18:36:00'),
    ('基金会地址', 'lat12vxlqt6yqsvj30zh2m9md3naefn7njjnayuy9d', 0, 0 , 25000000000000000000000000 , 1, 1, 1, 'admin', '2021-09-17 14:56:23', 1, 'admin', '2021-10-22 18:36:00'),
    ('基金会地址', 'lat13466tlqumegg8mlgq7pgfe7pajfkf523tm85u6', 0, 0 , 25000000000000000000000000 , 1, 1, 1, 'admin', '2021-09-17 14:56:23', 1, 'admin', '2021-10-22 18:36:00'),
    ('基金会地址', 'lat13flxd8cxqmajpndpah45h8kkefghz3aerwr0em', 0, 0 , 25000000000000000000000000 , 1, 1, 1, 'admin', '2021-09-17 14:56:23', 1, 'admin', '2021-10-22 18:36:00'),
    ('基金会地址', 'lat13gr7x5y4vyks653tedqxdq6tw6fsh0w04ll8ed', 0, 0 , 25000000000000000000000000 , 1, 1, 1, 'admin', '2021-09-17 14:56:23', 1, 'admin', '2021-10-22 18:36:00'),
    ('基金会地址', 'lat13hldl7gzht48cthef62v6mjrx3guv4gzl6xtag', 0, 0 , 25000000000000000000000000 , 1, 1, 1, 'admin', '2021-09-17 14:56:23', 1, 'admin', '2021-10-22 18:36:00'),
    ('基金会地址', 'lat14gfhz7h0yrqcsj6lcz252m3e3s3wwnf52huky4', 0, 0 , 25000000000000000000000000 , 1, 1, 1, 'admin', '2021-09-17 14:56:23', 1, 'admin', '2021-10-22 18:36:00'),
    ('基金会地址', 'lat15mhfavj6gr293eman5l9u76r2fzr0qxcgdc8m3', 0, 0 , 25000000000000000000000000 , 1, 1, 1, 'admin', '2021-09-17 14:56:23', 1, 'admin', '2021-10-22 18:36:00'),
    ('基金会地址', 'lat15w6yqqdzdms4r8jn2v207w293kzpr0hgkt448g', 0, 0 , 25000000000000000000000000 , 1, 1, 1, 'admin', '2021-09-17 14:56:23', 1, 'admin', '2021-10-22 18:36:00'),
    ('基金会地址', 'lat16f2f6ym5weyypr3m74u2adq4c08wfphr0jmtes', 0, 0 , 25000000000000000000000000 , 1, 1, 1, 'admin', '2021-09-17 14:56:23', 1, 'admin', '2021-10-22 18:36:00'),
    ('基金会地址', 'lat16sflmyapwx5r7f6ae2he25qxzskjl3pyljvjdt', 0, 0 , 25000000000000000000000000 , 1, 1, 1, 'admin', '2021-09-17 14:56:23', 1, 'admin', '2021-10-22 18:36:00'),
    ('基金会地址', 'lat16y7g2xpxpsjqrunz8mfz0en6m7g6449n0mkf37', 0, 0 , 25000000000000000000000000 , 1, 1, 1, 'admin', '2021-09-17 14:56:23', 1, 'admin', '2021-10-22 18:36:00'),
    ('基金会地址', 'lat175kg99l9jpm40c2g86r0rnpvhe33q482ngp626', 0, 0 , 25000000000000000000000000 , 1, 1, 1, 'admin', '2021-09-17 14:56:23', 1, 'admin', '2021-10-22 18:36:00'),
    ('基金会地址', 'lat186hgpk5jyj0vtj27phwqmtdkq2pmwpvhavutt8', 0, 0 , 25000000000000000000000000 , 1, 1, 1, 'admin', '2021-09-17 14:56:23', 1, 'admin', '2021-10-22 18:36:00'),
    ('基金会地址', 'lat18nfcxlkwwtqavyu2wgkng0up7wq6avalfhk6xq', 0, 0 , 25000000000000000000000000 , 1, 1, 1, 'admin', '2021-09-17 14:56:23', 1, 'admin', '2021-10-22 18:36:00'),
    ('基金会地址', 'lat18pr8amukwwemj0cupkzfrpfw3cx00qtfyyxn3c', 0, 0 , 25000000000000000000000000 , 1, 1, 1, 'admin', '2021-09-17 14:56:23', 1, 'admin', '2021-10-22 18:36:00'),
    ('基金会地址', 'lat18vu03wel8z6yxf9yd2dy58hkvh3qa86m04e6hj', 0, 0 , 25000000000000000000000000 , 1, 1, 1, 'admin', '2021-09-17 14:56:23', 1, 'admin', '2021-10-22 18:36:00'),
    ('基金会地址', 'lat197jj79u2489xj6fhylls9yl9hvz7h48gt4qxsn', 0, 0 , 25000000000000000000000000 , 1, 1, 1, 'admin', '2021-09-17 14:56:23', 1, 'admin', '2021-10-22 18:36:00'),
    ('基金会地址', 'lat19ftj8ufmqcu6w69ck3mwvluvvfkcr60vsxdugt', 0, 0 , 25000000000000000000000000 , 1, 1, 1, 'admin', '2021-09-17 14:56:23', 1, 'admin', '2021-10-22 18:36:00'),
    ('基金会地址', 'lat1ad2krmsq20vptry4muwat5tahp0nsm3fhpw8zk', 0, 0 , 25000000000000000000000000 , 1, 1, 1, 'admin', '2021-09-17 14:56:23', 1, 'admin', '2021-10-22 18:36:00'),
    ('基金会地址', 'lat1ax7yhkvvldu0py4hjt97833aq3ftstqqh6e3hp', 0, 0 , 25000000000000000000000000 , 1, 1, 1, 'admin', '2021-09-17 14:56:23', 1, 'admin', '2021-10-22 18:36:00'),
    ('基金会地址', 'lat1c93u8su02gnen2gyxnsapscs4th34ydny06c4k', 0, 0 , 25000000000000000000000000 , 1, 1, 1, 'admin', '2021-09-17 14:56:23', 1, 'admin', '2021-10-22 18:36:00'),
    ('基金会地址', 'lat1ckjade78jpxr2thz3xhuqwc5yvervpzxeq796m', 0, 0 , 25000000000000000000000000 , 1, 1, 1, 'admin', '2021-09-17 14:56:23', 1, 'admin', '2021-10-22 18:36:00'),
    ('基金会地址', 'lat1dke9ahqmfmzgtelr57rkd3vllzpapu89eawwu0', 0, 0 , 25000000000000000000000000 , 1, 1, 1, 'admin', '2021-09-17 14:56:23', 1, 'admin', '2021-10-22 18:36:00'),
    ('基金会地址', 'lat1dpynwmapgnztgmh9xkxcv7ewu9l0mu7twx9656', 0, 0 , 25000000000000000000000000 , 1, 1, 1, 'admin', '2021-09-17 14:56:23', 1, 'admin', '2021-10-22 18:36:00'),
    ('基金会地址', 'lat1dt9h85chm4s38mdk2rfgm5rk4qtnca8yq753ae', 0, 0 , 25000000000000000000000000 , 1, 1, 1, 'admin', '2021-09-17 14:56:23', 1, 'admin', '2021-10-22 18:36:00'),
    ('基金会地址', 'lat1e89cx4h64d9x807fza9c45mz5de5w2cke536u8', 0, 0 , 25000000000000000000000000 , 1, 1, 1, 'admin', '2021-09-17 14:56:23', 1, 'admin', '2021-10-22 18:36:00'),
    ('基金会地址', 'lat1e9lzjugwjzgrts4mhea2039rxk6hd3pfh07xch', 0, 0 , 25000000000000000000000000 , 1, 1, 1, 'admin', '2021-09-17 14:56:23', 1, 'admin', '2021-10-22 18:36:00'),
    ('基金会地址', 'lat1edmqzlfm5g39efptv2z4kfhzajetvxx2rg792w', 0, 0 , 25000000000000000000000000 , 1, 1, 1, 'admin', '2021-09-17 14:56:23', 1, 'admin', '2021-10-22 18:36:00'),
    ('基金会地址', 'lat1ekc9h5qsjthq6rfsuen2m7v32yat08uhek3qdl', 0, 0 , 25000000000000000000000000 , 1, 1, 1, 'admin', '2021-09-17 14:56:23', 1, 'admin', '2021-10-22 18:36:00'),
    ('基金会地址', 'lat1erzk5s3w5aymcfnl5y7gat2ul54khrpqzysa3c', 0, 0 , 25000000000000000000000000 , 1, 1, 1, 'admin', '2021-09-17 14:56:23', 1, 'admin', '2021-10-22 18:36:00'),
    ('基金会地址', 'lat1fafdetw788y6stfltvc9g75crg9sxxue7qxjre', 0, 0 , 25000000000000000000000000 , 1, 1, 1, 'admin', '2021-09-17 14:56:23', 1, 'admin', '2021-10-22 18:36:00'),
    ('基金会地址', 'lat1fe0h9wqpr4eyrd46d4e0y5282e6hjawkc4j8px', 0, 0 , 25000000000000000000000000 , 1, 1, 1, 'admin', '2021-09-17 14:56:23', 1, 'admin', '2021-10-22 18:36:00'),
    ('基金会地址', 'lat1fzskn4kux0u75k7uzz6wve82j5dnahenc3xs8e', 0, 0 , 25000000000000000000000000 , 1, 1, 1, 'admin', '2021-09-17 14:56:23', 1, 'admin', '2021-10-22 18:36:00'),
    ('基金会地址', 'lat1get7hdeqzltndc7k8d0r5ajha75zufdsevdpv3', 0, 0 , 25000000000000000000000000 , 1, 1, 1, 'admin', '2021-09-17 14:56:23', 1, 'admin', '2021-10-22 18:36:00'),
    ('基金会地址', 'lat1ghl8w2uqmzu4zweg0kvq5yvh9ejmw9gtnhmcfd', 0, 0 , 25000000000000000000000000 , 1, 1, 1, 'admin', '2021-09-17 14:56:23', 1, 'admin', '2021-10-22 18:36:00'),
    ('基金会地址', 'lat1ghv80nvvlvl8c7t9p60l86a30nkrevdfcwzr5v', 0, 0 , 25000000000000000000000000 , 1, 1, 1, 'admin', '2021-09-17 14:56:23', 1, 'admin', '2021-10-22 18:36:00'),
    ('基金会地址', 'lat1h0wcvn5d4ll3tscnsqskqvfujt9sah4hfzdg6p', 0, 0 , 25000000000000000000000000 , 1, 1, 1, 'admin', '2021-09-17 14:56:23', 1, 'admin', '2021-10-22 18:36:00'),
    ('基金会地址', 'lat1hruzrg724jfp3t2aa9k59hpdu82k8jdpkft8sn', 0, 0 , 25000000000000000000000000 , 1, 1, 1, 'admin', '2021-09-17 14:56:23', 1, 'admin', '2021-10-22 18:36:00'),
    ('基金会地址', 'lat1j54vrm56r5m9gsmuhyjfr778grwqj69p2j4yy0', 0, 0 , 25000000000000000000000000 , 1, 1, 1, 'admin', '2021-09-17 14:56:23', 1, 'admin', '2021-10-22 18:36:00'),
    ('基金会地址', 'lat1je0jg4lg8nzwdsl0fwxw04ype04z5ee652d88s', 0, 0 , 25000000000000000000000000 , 1, 1, 1, 'admin', '2021-09-17 14:56:23', 1, 'admin', '2021-10-22 18:36:00'),
    ('基金会地址', 'lat1jwd3jkm8aw34klw6d8vvuk4t7amlr9rkzq80tl', 0, 0 , 25000000000000000000000000 , 1, 1, 1, 'admin', '2021-09-17 14:56:23', 1, 'admin', '2021-10-22 18:36:00'),
    ('基金会地址', 'lat1kakycsahxeyu7270lg6pd6ywwm0k7ydalxagcz', 0, 0 , 25000000000000000000000000 , 1, 1, 1, 'admin', '2021-09-17 14:56:23', 1, 'admin', '2021-10-22 18:36:00'),
    ('基金会地址', 'lat1kd6663ueg8l5p85vh0rxur7wk03tmyyu8srsee', 0, 0 , 25000000000000000000000000 , 1, 1, 1, 'admin', '2021-09-17 14:56:23', 1, 'admin', '2021-10-22 18:36:00'),
    ('基金会地址', 'lat1krkrjc20z90js628xy4aes7unjcjvh4j934ctd', 0, 0 , 25000000000000000000000000 , 1, 1, 1, 'admin', '2021-09-17 14:56:23', 1, 'admin', '2021-10-22 18:36:00'),
    ('基金会地址', 'lat1l39qa343ka559z4j9hnjzggmnefd2xstjrn728', 0, 0 , 25000000000000000000000000 , 1, 1, 1, 'admin', '2021-09-17 14:56:23', 1, 'admin', '2021-10-22 18:36:00'),
    ('基金会地址', 'lat1l3ndtrwtxaglr06yqd8qzpjnnlzv4mhplrfhs6', 0, 0 , 25000000000000000000000000 , 1, 1, 1, 'admin', '2021-09-17 14:56:23', 1, 'admin', '2021-10-22 18:36:00'),
    ('基金会地址', 'lat1lghsux0tdnzf65l6ky629v39c3vkh7xh5535em', 0, 0 , 25000000000000000000000000 , 1, 1, 1, 'admin', '2021-09-17 14:56:23', 1, 'admin', '2021-10-22 18:36:00'),
    ('基金会地址', 'lat1lmc86tkhzrxdzm49smctuvpkkktzvxtwy60wlv', 0, 0 , 25000000000000000000000000 , 1, 1, 1, 'admin', '2021-09-17 14:56:23', 1, 'admin', '2021-10-22 18:36:00'),
    ('基金会地址', 'lat1lxp2d6zlkj0f9vma9v9ldra5evvuzatrw3w097', 0, 0 , 25000000000000000000000000 , 1, 1, 1, 'admin', '2021-09-17 14:56:23', 1, 'admin', '2021-10-22 18:36:00'),
    ('基金会地址', 'lat1m98q6vs578ruy5szgh5nlz7fm9yutk92c49tj2', 0, 0 , 25000000000000000000000000 , 1, 1, 1, 'admin', '2021-09-17 14:56:23', 1, 'admin', '2021-10-22 18:36:00'),
    ('基金会地址', 'lat1n5lvk3dm8yjcyruhekhll4t5k950hvtd8rmznt', 0, 0 , 25000000000000000000000000 , 1, 1, 1, 'admin', '2021-09-17 14:56:23', 1, 'admin', '2021-10-22 18:36:00'),
    ('基金会地址', 'lat1nl0gvjr6qyem4nv2yf325njhmgrm6twjllfhjf', 0, 0 , 25000000000000000000000000 , 1, 1, 1, 'admin', '2021-09-17 14:56:23', 1, 'admin', '2021-10-22 18:36:00'),
    ('基金会地址', 'lat1nna5yn6w8ddlqts4dvna95y2usry5zdwvkt6mk', 0, 0 , 25000000000000000000000000 , 1, 1, 1, 'admin', '2021-09-17 14:56:23', 1, 'admin', '2021-10-22 18:36:00'),
    ('基金会地址', 'lat1nz6da8474mt00yc9p5ppczndq0n6k6nulyhxkh', 0, 0 , 25000000000000000000000000 , 1, 1, 1, 'admin', '2021-09-17 14:56:23', 1, 'admin', '2021-10-22 18:36:00'),
    ('基金会地址', 'lat1nzwez6z5ap9fwfvyqc6y50uex7a3076azktju3', 0, 0 , 25000000000000000000000000 , 1, 1, 1, 'admin', '2021-09-17 14:56:23', 1, 'admin', '2021-10-22 18:36:00'),
    ('基金会地址', 'lat1pjpvtg6mx7w2yu5prl9t7u8cuagv76t59z7x0c', 0, 0 , 25000000000000000000000000 , 1, 1, 1, 'admin', '2021-09-17 14:56:23', 1, 'admin', '2021-10-22 18:36:00'),
    ('基金会地址', 'lat1q2ykpd87zfh3pqy378hpkdzhl0wsgn4u30rv7f', 0, 0 , 25000000000000000000000000 , 1, 1, 1, 'admin', '2021-09-17 14:56:23', 1, 'admin', '2021-10-22 18:36:00'),
    ('基金会地址', 'lat1q4yxjahjy8xvxd8egqm0dv0ryff4tessm4nzm0', 0, 0 , 25000000000000000000000000 , 1, 1, 1, 'admin', '2021-09-17 14:56:23', 1, 'admin', '2021-10-22 18:36:00'),
    ('基金会地址', 'lat1qm6jq8dj7eulra8rmqs9amdtamzetqldww5qch', 0, 0 , 25000000000000000000000000 , 1, 1, 1, 'admin', '2021-09-17 14:56:23', 1, 'admin', '2021-10-22 18:36:00'),
    ('基金会地址', 'lat1qudwvgs5frclpppv5gpkfdky8x87dsgujsmkv8', 0, 0 , 25000000000000000000000000 , 1, 1, 1, 'admin', '2021-09-17 14:56:23', 1, 'admin', '2021-10-22 18:36:00'),
    ('基金会地址', 'lat1r3kkjf2zs7ylm058u9e95k79xcvpydhakzfl6p', 0, 0 , 25000000000000000000000000 , 1, 1, 1, 'admin', '2021-09-17 14:56:23', 1, 'admin', '2021-10-22 18:36:00'),
    ('基金会地址', 'lat1sqvulwr0ch5c5vxns8x6v9jh42t70a3y30ju5v', 0, 0 , 25000000000000000000000000 , 1, 1, 1, 'admin', '2021-09-17 14:56:23', 1, 'admin', '2021-10-22 18:36:00'),
    ('基金会地址', 'lat1t6yj60xhpn9zucv3sfxqdvg8863hlmxjfhajj4', 0, 0 , 25000000000000000000000000 , 1, 1, 1, 'admin', '2021-09-17 14:56:23', 1, 'admin', '2021-10-22 18:36:00'),
    ('基金会地址', 'lat1t703gg0e9g3fn3t5aysupaejedk8z48jujwnsf', 0, 0 , 25000000000000000000000000 , 1, 1, 1, 'admin', '2021-09-17 14:56:23', 1, 'admin', '2021-10-22 18:36:00'),
    ('基金会地址', 'lat1tfxwp0f2medr8trdjjz4v3exfsfuhx8e3cuadc', 0, 0 , 25000000000000000000000000 , 1, 1, 1, 'admin', '2021-09-17 14:56:23', 1, 'admin', '2021-10-22 18:36:00'),
    ('基金会地址', 'lat1tg5dr2p2hrvh5demqnuz6fnspcdjn33qz5ernh', 0, 0 , 25000000000000000000000000 , 1, 1, 1, 'admin', '2021-09-17 14:56:23', 1, 'admin', '2021-10-22 18:36:00'),
    ('基金会地址', 'lat1tjm4sdrp39d3zguuk9lufgae8gelahwv6wjets', 0, 0 , 25000000000000000000000000 , 1, 1, 1, 'admin', '2021-09-17 14:56:23', 1, 'admin', '2021-10-22 18:36:00'),
    ('基金会地址', 'lat1u62mlnx6pzrvsycfwtst3mq32ruualffryt5l3', 0, 0 , 25000000000000000000000000 , 1, 1, 1, 'admin', '2021-09-17 14:56:23', 1, 'admin', '2021-10-22 18:36:00'),
    ('基金会地址', 'lat1ulqrtv48zgmjq7u7ksg0hkwghls7xfzfq5puqy', 0, 0 , 25000000000000000000000000 , 1, 1, 1, 'admin', '2021-09-17 14:56:23', 1, 'admin', '2021-10-22 18:36:00'),
    ('基金会地址', 'lat1vqyv89ngl77fw04swhtgn7xdp0vv69jk2sygzq', 0, 0 , 25000000000000000000000000 , 1, 1, 1, 'admin', '2021-09-17 14:56:23', 1, 'admin', '2021-10-22 18:36:00'),
    ('基金会地址', 'lat1vytfjh8yh63anrd8x6llv8um56m687ukahlaj7', 0, 0 , 25000000000000000000000000 , 1, 1, 1, 'admin', '2021-09-17 14:56:23', 1, 'admin', '2021-10-22 18:36:00'),
    ('基金会地址', 'lat1wgu2vsqzcu64kfj9ewvaf00vc79tjdskv2eee6', 0, 0 , 25000000000000000000000000 , 1, 1, 1, 'admin', '2021-09-17 14:56:23', 1, 'admin', '2021-10-22 18:36:00'),
    ('基金会地址', 'lat1wu60wpv7wgcq6ezuftz79c2hf4lquh8j23sljj', 0, 0 , 25000000000000000000000000 , 1, 1, 1, 'admin', '2021-09-17 14:56:23', 1, 'admin', '2021-10-22 18:36:00'),
    ('基金会地址', 'lat1xmarx247k8u57l44n2754jukgljpjg6kuxn8a5', 0, 0 , 25000000000000000000000000 , 1, 1, 1, 'admin', '2021-09-17 14:56:23', 1, 'admin', '2021-10-22 18:36:00'),
    ('基金会地址', 'lat1xmvzl4lsv4f48hjyz4gum2ur03z8mq4tf9wew6', 0, 0 , 25000000000000000000000000 , 1, 1, 1, 'admin', '2021-09-17 14:56:23', 1, 'admin', '2021-10-22 18:36:00'),
    ('基金会地址', 'lat1ylru0ugp4nw6lvnt84sp9wzv4044p2u2x0xcpa', 0, 0 , 25000000000000000000000000 , 1, 1, 1, 'admin', '2021-09-17 14:56:23', 1, 'admin', '2021-10-22 18:36:00'),
    ('基金会地址', 'lat1zuv7xcrddujlejmk3fjq2dg0aql5zlz40w9yyc', 0, 0 , 25000000000000000000000000 , 1, 1, 1, 'admin', '2021-09-17 14:56:23', 1, 'admin', '2021-10-22 18:36:00'),
    ('基金会地址', 'lat1zxzhah9thqncgeh9a0cefx9jjkqnd6xejvrc20', 0, 0 , 25000000000000000000000000 , 1, 1, 1, 'admin', '2021-09-17 14:56:23', 1, 'admin', '2021-10-22 18:36:00'),
    ('基金会地址', 'lat1483xhemv7ytylpfp8vtp4x2h6crvrj7uzh6ls5', 0, 0 , 0 , 1, 1, 1, 'admin', '2021-09-17 14:56:23', 1, 'admin', '2021-10-22 18:36:00'),
    ('基金会地址', 'lat1858l8h4fxwhash69klnzh6cmaf979u9q8zkwg8', 0, 0 , 0 , 1, 1, 1, 'admin', '2021-09-17 14:56:23', 1, 'admin', '2021-10-22 18:36:00'),
    ('基金会地址', 'lat19g0ft8vq54y9n2rwqw5edjy96vkdh8kpz8dq77', 0, 0 , 0 , 1, 1, 1, 'admin', '2021-09-17 14:56:23', 1, 'admin', '2021-10-22 18:36:00'),
    ('基金会地址', 'lat1aaczrlrzylnanv57map5lndllkf7mvtnd9h8dj', 0, 0 , 0 , 1, 1, 1, 'admin', '2021-09-17 14:56:23', 1, 'admin', '2021-10-22 18:36:00'),
    ('基金会地址', 'lat1kzpnef5t4pq6mn2r5gufm45t5xxqh8cgqgd4dw', 0, 0 , 0 , 1, 1, 1, 'admin', '2021-09-17 14:56:23', 1, 'admin', '2021-10-22 18:36:00'),
    ('基金会地址', 'lat1l5n8uvdde4ydk5vcttdrqp8llltjjc2fjamrww', 0, 0 , 0 , 1, 1, 1, 'admin', '2021-09-17 14:56:23', 1, 'admin', '2021-10-22 18:36:00'),
    ('基金会地址', 'lat1m9034kppm4zx3jh7kx45vw0avnwep2rzfn9243', 0, 0 , 0 , 1, 1, 1, 'admin', '2021-09-17 14:56:23', 1, 'admin', '2021-10-22 18:36:00'),
    ('基金会地址', 'lat1ul4rj2q98nrgsrdyugkl4rduer0mja7xlfhkes', 0, 0 , 0 , 1, 1, 1, 'admin', '2021-09-17 14:56:23', 1, 'admin', '2021-10-22 18:36:00');
